time,open,high,low,close,tick_volume,spread,real_volume,Change(Pips),Change(%)
2024-01-01 20:00:00,2064.889,2066.307,2062.853,2063.752,1983,236,0,,
2024-01-02 00:00:00,2063.557,2070.407,2062.244,2069.556,13271,124,0,580.4000000000087,0.2812353422310565
2024-01-02 04:00:00,2069.562,2076.709,2068.893,2073.134,12456,230,0,357.79999999999745,0.17288732462421574
2024-01-02 08:00:00,2073.2,2078.919,2068.285,2069.259,16608,124,0,-387.5,-0.1869150764012395
2024-01-02 12:00:00,2069.216,2071.055,2056.134,2059.343,32910,124,0,-991.6000000000167,-0.4792053580533029
2024-01-02 16:00:00,2059.374,2067.632,2059.129,2060.984,18590,124,0,164.10000000000764,0.07968560846833839
2024-01-02 20:00:00,2061.027,2061.615,2057.875,2059.589,7473,124,0,-139.49999999999818,-0.06768611498196853
2024-01-03 00:00:00,2059.56,2065.579,2059.265,2065.109,14555,124,0,551.9999999999982,0.26801463787191615
2024-01-03 04:00:00,2065.061,2066.019,2060.864,2062.952,13470,124,0,-215.6999999999698,-0.10444969248595282
2024-01-03 08:00:00,2062.947,2064.414,2046.651,2047.654,19418,124,0,-1529.800000000023,-0.7415586984088951
2024-01-03 12:00:00,2047.685,2048.804,2031.789,2032.59,37259,124,0,-1506.4000000000078,-0.7356711631945623
2024-01-03 16:00:00,2032.639,2042.315,2030.56,2036.658,25823,124,0,406.79999999999836,0.2001387392440268
2024-01-03 20:00:00,2036.621,2043.777,2036.443,2042.779,10386,124,0,612.1000000000095,0.3005413770991616
2024-01-04 00:00:00,2042.77,2046.998,2040.082,2044.721,14905,124,0,194.20000000000073,0.09506657352558179
2024-01-04 04:00:00,2044.719,2049.587,2042.349,2047.636,15613,124,0,291.49999999999636,0.1425622370973878
2024-01-04 08:00:00,2047.691,2050.996,2044.868,2045.173,17489,124,0,-246.29999999999654,-0.12028505066330464
2024-01-04 12:00:00,2045.175,2047.816,2036.213,2045.084,24951,124,0,-8.89999999999418,-0.004351710099825823
2024-01-04 16:00:00,2045.122,2046.716,2040.863,2044.337,16849,124,0,-74.7000000000071,-0.03652661699959925
2024-01-04 20:00:00,2044.319,2044.82,2042.597,2043.977,7405,124,0,-35.999999999989996,-0.01760962111432285
2024-01-05 00:00:00,2044.029,2048.302,2043.272,2045.358,14629,124,0,138.0999999999858,0.06756436104711216
2024-01-05 04:00:00,2045.313,2047.038,2040.877,2043.162,14197,124,0,-219.59999999999127,-0.10736506763119325
2024-01-05 08:00:00,2043.178,2044.434,2037.054,2039.19,15729,124,0,-397.199999999998,-0.194404555292238
2024-01-05 12:00:00,2039.173,2064.024,2024.421,2054.808,51576,124,0,1561.7999999999938,0.7658923396054229
2024-01-05 16:00:00,2054.866,2056.251,2040.408,2045.72,25809,124,0,-908.7999999999965,-0.4422797653114041
2024-01-05 20:00:00,2045.742,2046.215,2042.824,2045.516,6634,124,0,-20.39999999999509,-0.009972039184247272
2024-01-07 20:00:00,2044.632,2045.612,2042.94,2044.245,2751,124,0,-127.10000000001855,-0.06213591093886528
2024-01-08 00:00:00,2044.249,2046.628,2035.056,2036.135,15690,124,0,-810.99999999999,-0.3967234847095047
2024-01-08 04:00:00,2036.155,2037.58,2026.981,2031.43,19302,124,0,-470.4999999999927,-0.23107505150689045
2024-01-08 08:00:00,2031.431,2031.775,2016.678,2020.124,21860,124,0,-1130.600000000004,-0.5565537576977864
2024-01-08 12:00:00,2020.094,2034.844,2018.426,2034.265,31427,124,0,1414.1000000000076,0.7000065342523509
2024-01-08 16:00:00,2034.296,2036.933,2026.313,2029.339,19431,124,0,-492.6000000000158,-0.24215134213094736
2024-01-08 20:00:00,2029.353,2030.799,2026.119,2030.551,7690,124,0,121.19999999999891,0.059723880534501284
2024-01-09 00:00:00,2030.524,2035.927,2030.524,2033.626,16338,124,0,307.50000000000455,0.15143672825750354
2024-01-09 04:00:00,2033.636,2037.249,2030.332,2035.998,16366,124,0,237.2000000000071,0.11663894934466068
2024-01-09 08:00:00,2036.047,2038.53,2031.292,2034.967,19232,124,0,-103.0999999999949,-0.05063855661940897
2024-01-09 12:00:00,2035.029,2042.068,2028.745,2028.745,28318,124,0,-622.2000000000207,-0.3057543439279442
2024-01-09 16:00:00,2028.697,2032.055,2026.059,2028.828,20210,124,0,8.300000000008367,0.004091199238942522
2024-01-09 20:00:00,2028.847,2031.122,2028.091,2030.513,7361,125,0,168.49999999999454,0.08305287584753351
2024-01-10 00:00:00,2030.516,2032.861,2027.28,2028.838,14571,124,0,-167.49999999999545,-0.0824914689046552
2024-01-10 04:00:00,2028.831,2031.652,2023.818,2030.965,15913,124,0,212.69999999999527,0.10483833603274206
2024-01-10 08:00:00,2030.962,2040.337,2030.229,2034.08,19464,124,0,311.5000000000009,0.15337536589750123
2024-01-10 12:00:00,2034.083,2035.701,2024.811,2027.85,25220,124,0,-623.0000000000018,-0.30628097223315276
2024-01-10 16:00:00,2027.812,2028.549,2020.391,2024.047,18754,124,0,-380.29999999998836,-0.18753852602509946
2024-01-10 20:00:00,2024.107,2027.88,2021.879,2026.471,8633,124,0,242.39999999999782,0.11976006486016377
2024-01-11 00:00:00,2026.526,2032.011,2026.526,2030.828,13571,124,0,435.6999999999971,0.21500431044905177
2024-01-11 04:00:00,2030.827,2035.677,2030.818,2033.881,13360,124,0,305.3000000000111,0.15033277067284523
2024-01-11 08:00:00,2033.934,2034.42,2030.122,2034.325,15564,124,0,44.399999999996,0.021830185738491714
2024-01-11 12:00:00,2034.356,2048.343,2024.886,2029.023,49997,124,0,-530.2000000000135,-0.26062698929620876
2024-01-11 16:00:00,2028.987,2029.627,2013.246,2026.476,31429,124,0,-254.6999999999798,-0.12552839470029165
2024-01-11 20:00:00,2026.524,2035.559,2023.481,2035.067,10674,124,0,859.0999999999894,0.4239379099481022
2024-01-12 00:00:00,2035.124,2035.674,2030.047,2033.913,15548,124,0,-115.39999999999964,-0.056705749736984945
2024-01-12 04:00:00,2033.884,2039.393,2032.822,2037.591,14661,124,0,367.79999999998836,0.18083369347656753
2024-01-12 08:00:00,2037.589,2047.419,2036.946,2045.345,18668,124,0,775.4000000000133,0.38054742094955074
2024-01-12 12:00:00,2045.377,2062.322,2044.367,2053.65,40133,124,0,830.5000000000064,0.40604396813250787
2024-01-12 16:00:00,2053.683,2055.553,2041.434,2047.321,24664,124,0,-632.9000000000178,-0.3081829912594758
2024-01-12 20:00:00,2047.368,2049.26,2046.045,2049.07,5731,124,0,174.9000000000251,0.08542871391443718
2024-01-14 20:00:00,2048.168,2048.743,2046.33,2047.624,2657,124,0,-144.600000000014,-0.07056859941340088
2024-01-15 00:00:00,2047.69,2058.067,2045.803,2057.414,16723,124,0,979.0000000000191,0.47811512269830825
2024-01-15 04:00:00,2057.41,2057.588,2052.904,2054.204,14843,124,0,-321.00000000000364,-0.15602110221861754
2024-01-15 08:00:00,2054.256,2058.663,2051.495,2053.294,16001,124,0,-91.00000000003092,-0.04429939772292446
2024-01-15 12:00:00,2053.301,2054.455,2049.224,2053.295,15559,124,0,0.10000000002037268,4.870223164754606e-05
2024-01-15 16:00:00,2053.268,2056.416,2053.185,2053.974,8080,124,0,67.90000000000873,0.033068799174018615
2024-01-15 20:00:00,2054.866,2055.435,2053.252,2053.948,2226,374,0,-2.6000000000294676,-0.0012658388080954985
2024-01-16 00:00:00,2054.035,2054.546,2048.382,2049.475,16086,124,0,-447.29999999999563,-0.21777571778837101
2024-01-16 04:00:00,2049.475,2050.922,2047.394,2049.414,14538,124,0,-6.099999999969441,-0.0029763719976871883
2024-01-16 08:00:00,2049.382,2050.062,2038.177,2039.911,22343,124,0,-950.3000000000156,-0.4636935241000728
2024-01-16 12:00:00,2039.851,2045.092,2031.282,2041.09,34066,124,0,117.899999999986,0.057796639167095876
2024-01-16 16:00:00,2041.139,2041.307,2024.227,2029.227,32306,124,0,-1186.299999999983,-0.5812090598650621
2024-01-16 20:00:00,2029.257,2029.792,2025.704,2027.942,8050,124,0,-128.50000000000819,-0.06332460587209487
2024-01-17 00:00:00,2028.138,2032.973,2023.432,2024.112,16093,124,0,-382.9999999999927,-0.18886141714111737
2024-01-17 04:00:00,2024.108,2026.146,2017.591,2025.784,19680,124,0,167.20000000000255,0.08260412467293587
2024-01-17 08:00:00,2025.736,2028.357,2019.003,2023.975,19100,124,0,-180.90000000001965,-0.08929876038117346
2024-01-17 12:00:00,2023.931,2029.063,2006.114,2008.891,36179,124,0,-1508.3999999999833,-0.7452661223582235
2024-01-17 16:00:00,2008.851,2012.002,2001.78,2005.451,22206,124,0,-344.00000000000546,-0.17123875810086675
2024-01-17 20:00:00,2005.497,2009.713,2004.748,2009.36,8245,124,0,390.8999999999878,0.19491874894972394
2024-01-18 00:00:00,2009.377,2012.133,2006.476,2008.061,14891,124,0,-129.89999999999782,-0.06464744993430749
2024-01-18 04:00:00,2008.046,2014.05,2005.757,2012.355,14590,124,0,429.40000000000964,0.21383812543542824
2024-01-18 08:00:00,2012.342,2013.511,2008.137,2012.591,16383,124,0,23.59999999998763,0.011727553041085415
2024-01-18 12:00:00,2012.613,2017.269,2007.406,2013.59,27638,124,0,99.90000000000236,0.04963750707420722
2024-01-18 16:00:00,2013.587,2021.139,2013.055,2019.783,18826,124,0,619.2999999999984,0.3075601289239671
2024-01-18 20:00:00,2019.777,2024.34,2019.777,2023.536,8127,124,0,375.30000000001564,0.18581204020433617
2024-01-19 00:00:00,2023.636,2025.545,2021.894,2022.785,13481,124,0,-75.09999999999764,-0.03711325125917986
2024-01-19 04:00:00,2022.78,2029.651,2020.348,2027.985,13486,124,0,519.9999999999818,0.2570713150433557
2024-01-19 08:00:00,2027.946,2032.035,2026.208,2031.656,14888,124,0,367.1000000000049,0.18101711797671172
2024-01-19 12:00:00,2031.691,2039.266,2023.163,2027.698,26184,124,0,-395.79999999998563,-0.19481644530372488
2024-01-19 16:00:00,2027.677,2029.559,2023.216,2029.112,18124,124,0,141.39999999999873,0.06973425036667091
2024-01-19 20:00:00,2029.093,2030.008,2027.725,2029.49,5349,124,0,37.799999999992906,0.018628838624978883
2024-01-21 20:00:00,2028.567,2028.601,2026.891,2027.541,2801,124,0,-194.9000000000069,-0.09603397897994803
2024-01-22 00:00:00,2027.527,2032.111,2025.427,2026.981,14138,124,0,-55.99999999999454,-0.02761966342480493
2024-01-22 04:00:00,2026.973,2027.216,2019.086,2021.838,16947,124,0,-514.3000000000029,-0.2537270946298964
2024-01-22 08:00:00,2021.793,2026.645,2020.445,2026.151,16892,124,0,431.3000000000102,0.21332075072286738
2024-01-22 12:00:00,2026.103,2030.22,2016.46,2024.138,25561,124,0,-201.30000000001473,-0.09935093682554852
2024-01-22 16:00:00,2024.179,2024.639,2019.066,2020.997,15323,124,0,-314.0999999999849,-0.1551771667741897
2024-01-22 20:00:00,2021.009,2021.886,2019.147,2020.664,6611,125,0,-33.30000000000837,-0.016477016047034
2024-01-23 00:00:00,2020.667,2027.898,2019.596,2027.431,14087,124,0,676.7000000000053,0.334889917373693
2024-01-23 04:00:00,2027.426,2037.945,2026.689,2031.587,17874,124,0,415.5999999999949,0.20498848049574914
2024-01-23 08:00:00,2031.59,2031.685,2022.402,2023.899,17492,124,0,-768.8000000000102,-0.37842337049804886
2024-01-23 12:00:00,2023.905,2030.43,2021.413,2025.146,23348,124,0,124.7000000000071,0.06161374653577134
2024-01-23 16:00:00,2025.202,2030.721,2022.602,2029.873,16250,124,0,472.7000000000089,0.23341526981264238
2024-01-23 20:00:00,2029.855,2030.323,2027.203,2029.249,6997,124,0,-62.400000000002365,-0.030740839451537383
2024-01-24 00:00:00,2029.116,2029.316,2023.694,2024.857,12975,124,0,-439.2000000000053,-0.21643474999865076
2024-01-24 04:00:00,2024.855,2031.615,2022.808,2029.565,13930,124,0,470.80000000000837,0.2325102464025841
2024-01-24 08:00:00,2029.599,2034.268,2028.214,2033.5,17145,124,0,393.49999999999454,0.1938839110843915
2024-01-24 12:00:00,2033.449,2036.705,2014.87,2015.25,31856,124,0,-1825.0,-0.897467420703224
2024-01-24 16:00:00,2015.281,2019.816,2011.176,2012.095,21040,124,0,-315.49999999999727,-0.15655625852871724
2024-01-24 20:00:00,2012.127,2017.502,2011.819,2016.214,8209,124,0,411.89999999999145,0.20471200415486113
2024-01-25 00:00:00,2016.089,2017.319,2014.481,2015.806,13586,124,0,-40.79999999999018,-0.020235947176239222
2024-01-25 04:00:00,2015.804,2018.282,2013.579,2015.848,12296,124,0,4.199999999991633,0.0020835338321312236
2024-01-25 08:00:00,2015.801,2019.53,2012.64,2017.487,16014,124,0,163.90000000001237,0.0813057333687972
2024-01-25 12:00:00,2017.488,2025.265,2009.422,2020.317,31432,124,0,282.9999999999927,0.14027351849106307
2024-01-25 16:00:00,2020.323,2021.644,2012.456,2017.738,18159,124,0,-257.8999999999951,-0.12765323461615408
2024-01-25 20:00:00,2017.771,2021.691,2016.903,2020.361,7189,124,0,262.30000000000473,0.12999705610936552
2024-01-26 00:00:00,2020.469,2024.212,2019.361,2021.811,12270,124,0,144.9999999999818,0.07176935211081759
2024-01-26 04:00:00,2021.755,2023.501,2019.815,2021.29,12121,124,0,-52.099999999995816,-0.025768976427564816
2024-01-26 08:00:00,2021.286,2024.667,2018.222,2023.466,15657,124,0,217.5999999999931,0.1076540229259404
2024-01-26 12:00:00,2023.423,2026.876,2016.034,2017.119,24748,124,0,-634.699999999998,-0.3136697132543831
2024-01-26 16:00:00,2017.042,2019.494,2015.892,2017.052,15085,124,0,-6.700000000000728,-0.0033215690298904477
2024-01-26 20:00:00,2017.028,2019.253,2016.485,2018.506,4562,124,0,145.40000000001783,0.07208539988061702
2024-01-28 20:00:00,2023.461,2028.655,2021.225,2021.869,5017,124,0,336.2999999999829,0.16660837272715057
2024-01-29 00:00:00,2021.87,2026.36,2019.315,2025.638,14104,124,0,376.90000000000055,0.18641168146897868
2024-01-29 04:00:00,2025.631,2033.861,2024.695,2031.313,13088,124,0,567.5000000000182,0.2801586463129224
2024-01-29 08:00:00,2031.285,2033.596,2025.465,2028.149,15291,124,0,-316.40000000002146,-0.15576132284882416
2024-01-29 12:00:00,2028.17,2037.599,2020.498,2025.425,22214,124,0,-272.39999999999327,-0.13430965870850908
2024-01-29 16:00:00,2025.381,2031.134,2023.993,2026.918,15487,124,0,149.29999999999382,0.07371292444795507
2024-01-29 20:00:00,2026.954,2035.288,2026.954,2030.843,9801,124,0,392.5000000000182,0.1936437487850995
2024-01-30 00:00:00,2031.0,2034.103,2029.815,2032.037,12881,124,0,119.399999999996,0.05879331883360539
2024-01-30 04:00:00,2032.041,2040.511,2031.192,2037.893,13272,124,0,585.5999999999995,0.28818372893799626
2024-01-30 08:00:00,2037.852,2039.488,2030.998,2034.289,16191,124,0,-360.4000000000042,-0.1768493242775726
2024-01-30 12:00:00,2034.262,2048.593,2029.062,2032.58,31797,124,0,-170.900000000006,-0.08400969577085915
2024-01-30 16:00:00,2032.644,2037.058,2031.413,2036.077,17579,124,0,349.7000000000071,0.17204734868985216
2024-01-30 20:00:00,2036.04,2037.192,2035.27,2036.344,6877,124,0,26.700000000005275,0.013113452978452678
2024-01-31 00:00:00,2036.437,2038.679,2032.848,2033.945,11492,125,0,-239.90000000001146,-0.117809171731309
2024-01-31 04:00:00,2033.942,2038.588,2033.235,2036.601,11150,124,0,265.60000000001764,0.13058366868328175
2024-01-31 08:00:00,2036.604,2040.47,2036.117,2037.321,14227,124,0,71.99999999997999,0.03535302202051227
2024-01-31 12:00:00,2037.324,2056.007,2036.017,2052.153,27734,124,0,1483.199999999988,0.7280148783623153
2024-01-31 16:00:00,2052.169,2053.618,2039.566,2044.818,37091,124,0,-733.4999999999809,-0.35742948990644674
2024-01-31 20:00:00,2044.786,2045.951,2030.835,2039.896,24538,124,0,-492.20000000000255,-0.2407060188241661
2024-02-01 00:00:00,2039.934,2049.553,2039.153,2046.326,14942,124,0,643.0000000000064,0.3152121480702874
2024-02-01 04:00:00,2046.372,2046.679,2041.11,2042.933,13705,124,0,-339.3000000000029,-0.16580935784425987
2024-02-01 08:00:00,2042.848,2042.848,2029.95,2033.415,19876,124,0,-951.8000000000029,-0.46589878375845606
2024-02-01 12:00:00,2033.417,2053.054,2030.072,2051.949,34342,124,0,1853.4000000000106,0.9114715884362079
2024-02-01 16:00:00,2051.898,2065.495,2051.298,2054.818,29521,124,0,286.9000000000142,0.13981828983080646
2024-02-01 20:00:00,2054.768,2056.213,2053.452,2054.739,7970,124,0,-7.900000000017826,-0.003844622735449388
2024-02-02 00:00:00,2054.751,2056.948,2051.935,2054.597,12863,124,0,-14.199999999982538,-0.006910853397912309
2024-02-02 04:00:00,2054.601,2056.969,2054.101,2055.079,13208,124,0,48.19999999999709,0.02345958842537854
2024-02-02 08:00:00,2055.061,2056.813,2052.706,2056.075,14542,124,0,99.59999999996398,0.048465290142107875
2024-02-02 12:00:00,2056.106,2057.66,2027.779,2035.03,43893,124,0,-2104.4999999999845,-1.02355215641452
2024-02-02 16:00:00,2034.981,2038.772,2033.091,2038.089,18824,124,0,305.8999999999969,0.15031719434110968
2024-02-02 20:00:00,2038.144,2039.824,2036.004,2039.644,5715,124,0,155.50000000000637,0.07629696249771278
2024-02-04 20:00:00,2041.818,2042.256,2039.108,2039.753,3235,125,0,10.89999999999236,0.0053440698474904735
2024-02-05 00:00:00,2039.336,2039.86,2030.262,2032.302,17645,124,0,-745.1000000000022,-0.36528932669789294
2024-02-05 04:00:00,2032.245,2033.339,2026.776,2027.54,14917,124,0,-476.19999999999436,-0.23431556924118357
2024-02-05 08:00:00,2027.593,2028.386,2020.632,2027.614,16255,124,0,7.400000000006912,0.003649743038369735
2024-02-05 12:00:00,2027.618,2028.055,2014.859,2017.829,26399,124,0,-978.5000000000082,-0.48258692236293754
2024-02-05 16:00:00,2017.78,2027.522,2017.773,2025.965,16469,124,0,813.5999999999967,0.40320562346958244
2024-02-05 20:00:00,2025.935,2026.419,2023.55,2024.972,6650,124,0,-99.29999999999382,-0.049013679900689056
2024-02-06 00:00:00,2024.922,2028.569,2023.453,2023.932,12417,124,0,-103.99999999999636,-0.05135873483682607
2024-02-06 04:00:00,2023.933,2029.837,2023.565,2026.28,13485,124,0,234.79999999999563,0.11601180276807899
2024-02-06 08:00:00,2026.301,2027.51,2022.874,2026.734,14644,124,0,45.39999999999509,0.02240559054029756
2024-02-06 12:00:00,2026.685,2038.146,2024.519,2036.324,24365,124,0,959.0000000000146,0.47317506885462546
2024-02-06 16:00:00,2036.268,2038.917,2032.103,2035.941,18503,124,0,-38.30000000000382,-0.01880840180639165
2024-02-06 20:00:00,2036.002,2036.989,2034.4,2035.182,6529,124,0,-75.90000000000146,-0.037280058705047026
2024-02-07 00:00:00,2035.227,2036.133,2034.067,2034.479,10950,124,0,-70.29999999999745,-0.03454236525283205
2024-02-07 04:00:00,2034.467,2036.209,2032.449,2035.161,10920,124,0,68.20000000000164,0.03352209582896393
2024-02-07 08:00:00,2035.22,2035.791,2031.223,2034.159,13860,124,0,-100.19999999999527,-0.04923443403248573
2024-02-07 12:00:00,2034.152,2044.553,2030.559,2038.383,24867,124,0,422.39999999999327,0.20765338402750633
2024-02-07 16:00:00,2038.341,2040.908,2033.988,2035.548,16968,124,0,-283.50000000000364,-0.13908083024632978
2024-02-07 20:00:00,2035.502,2036.48,2033.717,2036.34,6347,125,0,79.19999999999163,0.038908441363205704
2024-02-08 00:00:00,2036.333,2038.764,2031.795,2032.791,10989,124,0,-354.8999999999978,-0.1742832729308419
2024-02-08 04:00:00,2032.786,2034.988,2031.098,2032.831,11736,124,0,3.999999999996362,0.0019677379524019045
2024-02-08 08:00:00,2032.833,2038.546,2027.829,2029.009,16635,124,0,-382.1999999999889,-0.18801366173577527
2024-02-08 12:00:00,2029.024,2034.049,2020.151,2031.971,27898,124,0,296.1999999999989,0.14598259544438275
2024-02-08 16:00:00,2032.007,2035.39,2027.732,2032.533,16711,124,0,56.199999999989814,0.02765787503855588
2024-02-08 20:00:00,2032.529,2034.767,2032.529,2034.236,5663,125,0,170.3000000000202,0.08378707750380521
2024-02-09 00:00:00,2034.05,2035.145,2031.972,2033.585,9836,124,0,-65.10000000000673,-0.03200218657029019
2024-02-09 04:00:00,2033.613,2035.004,2032.153,2033.559,9430,124,0,-2.6000000000067303,-0.001278530280268697
2024-02-09 08:00:00,2033.558,2034.104,2030.529,2031.552,14496,124,0,-200.70000000000618,-0.09869396462065527
2024-02-09 12:00:00,2031.554,2037.212,2021.821,2022.489,28300,124,0,-906.2999999999874,-0.446112134958887
2024-02-09 16:00:00,2022.498,2026.342,2020.23,2024.786,15464,124,0,229.70000000000255,0.11357292919764728
2024-02-09 20:00:00,2024.777,2026.227,2023.842,2024.229,4748,124,0,-55.70000000000164,-0.02750907997191021
2024-02-11 20:00:00,2026.383,2026.744,2024.44,2025.301,2188,125,0,107.1999999999889,0.05295843503871911
2024-02-12 00:00:00,2025.453,2026.594,2021.854,2022.892,9219,124,0,-240.8999999999878,-0.11894528270117721
2024-02-12 04:00:00,2022.919,2026.44,2022.539,2025.536,9012,124,0,264.40000000000055,0.13070396244585503
2024-02-12 08:00:00,2025.489,2027.289,2019.956,2021.741,14085,124,0,-379.5000000000073,-0.18735781541281415
2024-02-12 12:00:00,2021.728,2027.608,2012.068,2013.175,22491,124,0,-856.6000000000031,-0.4236942318526449
2024-02-12 16:00:00,2013.238,2021.593,2011.892,2019.196,16609,124,0,602.0999999999958,0.29907981174015497
2024-02-12 20:00:00,2019.136,2020.557,2018.433,2018.763,6021,124,0,-43.29999999999927,-0.021444178772145328
2024-02-13 00:00:00,2018.711,2021.228,2016.876,2018.561,9620,124,0,-20.199999999999818,-0.010006127514716745
2024-02-13 04:00:00,2018.517,2025.818,2018.362,2025.191,10422,124,0,663.0000000000109,0.3284518030418848
2024-02-13 08:00:00,2025.241,2029.337,2024.453,2027.703,13525,124,0,251.19999999999436,0.12403768335924603
2024-02-13 12:00:00,2027.751,2032.912,1990.002,1992.286,40107,124,0,-3541.6999999999916,-1.7466561917598322
2024-02-13 16:00:00,1992.314,1997.812,1991.224,1991.793,18056,124,0,-49.30000000001655,-0.02474544317433436
2024-02-13 20:00:00,1991.756,1993.649,1990.466,1991.305,7209,124,0,-48.7999999999829,-0.02450053795749474
2024-02-14 00:00:00,1991.444,1993.622,1988.837,1992.502,11683,124,0,119.6999999999889,0.06011133402465951
2024-02-14 04:00:00,1992.496,1993.331,1989.314,1989.474,11221,124,0,-302.800000000002,-0.1519697345347737
2024-02-14 08:00:00,1989.539,1993.426,1985.969,1992.237,16778,124,0,276.30000000001473,0.1388809303363603
2024-02-14 12:00:00,1992.27,1993.24,1984.159,1987.882,25701,124,0,-435.5000000000018,-0.21859849003909027
2024-02-14 16:00:00,1987.932,1996.076,1987.418,1991.695,19425,124,0,381.29999999998745,0.1918121900595704
2024-02-14 20:00:00,1991.705,1995.007,1989.599,1993.565,6697,124,0,187.00000000001182,0.09388987771723478
2024-02-15 00:00:00,1993.554,1994.326,1990.201,1990.789,10527,124,0,-277.60000000000673,-0.13924803053826373
2024-02-15 04:00:00,1990.794,1994.633,1990.446,1993.764,10268,124,0,297.4999999999909,0.1494382378042003
2024-02-15 08:00:00,1993.718,1998.131,1993.467,1997.514,13928,124,0,375.0,0.18808645356220843
2024-02-15 12:00:00,1997.485,2008.26,1995.71,2000.841,29929,124,0,332.6999999999998,0.1665570303887698
2024-02-15 16:00:00,2000.782,2006.439,1998.385,2005.047,17126,124,0,420.6000000000131,0.21021160601968347
2024-02-15 20:00:00,2005.028,2005.097,2003.262,2003.27,6085,124,0,-177.70000000000437,-0.0886263514022434
2024-02-16 00:00:00,2003.212,2005.652,2002.37,2004.304,10132,124,0,103.40000000001055,0.0516156084801489
2024-02-16 04:00:00,2004.301,2006.467,2002.762,2005.187,10670,124,0,88.29999999998108,0.0440551932241684
2024-02-16 08:00:00,2005.227,2007.813,2003.861,2007.278,13282,124,0,209.1000000000122,0.10427955098453179
2024-02-16 12:00:00,2007.287,2011.039,1995.096,2007.927,31951,124,0,64.89999999998872,0.032332342605245756
2024-02-16 16:00:00,2007.955,2015.168,2007.183,2012.61,18030,124,0,468.2999999999993,0.233225610293597
2024-02-16 20:00:00,2012.635,2014.024,2011.244,2013.307,5342,124,0,69.70000000001164,0.034631647462757265
2024-02-18 20:00:00,2012.762,2019.156,1998.05,2010.696,4245,125,0,-261.10000000001037,-0.1296871267024935
2024-02-19 00:00:00,2012.886,2022.898,2009.28,2019.883,14603,124,0,918.7000000000126,0.4569064642293119
2024-02-19 04:00:00,2019.926,2022.994,2018.243,2020.92,11764,124,0,103.70000000000346,0.051339607294087486
2024-02-19 08:00:00,2020.943,2021.262,2018.241,2018.402,13939,124,0,-251.8000000000029,-0.12459671832630859
2024-02-19 12:00:00,2018.45,2019.342,2014.724,2014.925,14555,124,0,-347.7000000000089,-0.17226498982859662
2024-02-19 16:00:00,2014.912,2018.557,2013.237,2017.916,6817,124,0,299.09999999999854,0.1484422497115334
2024-02-19 20:00:00,2017.413,2017.519,2015.592,2016.318,1694,374,0,-159.79999999999563,-0.07919061051103737
2024-02-20 00:00:00,2016.093,2019.175,2014.993,2018.308,11400,124,0,199.0000000000009,0.09869474953851931
2024-02-20 04:00:00,2018.323,2022.894,2017.759,2021.479,10655,124,0,317.1000000000049,0.15711179859565494
2024-02-20 08:00:00,2021.432,2027.597,2020.764,2026.904,16191,124,0,542.4999999999955,0.2683678633317532
2024-02-20 12:00:00,2026.905,2030.912,2025.472,2027.416,21441,124,0,51.19999999999436,0.02526019979238736
2024-02-20 16:00:00,2027.394,2028.941,2024.791,2025.143,14333,124,0,-227.2999999999911,-0.11211315290003965
2024-02-20 20:00:00,2025.188,2025.23,2023.575,2024.24,6285,124,0,-90.300000000002,-0.04458944380717478
2024-02-21 00:00:00,2024.16,2030.873,2022.905,2030.463,11139,124,0,622.2999999999956,0.3074240208670975
2024-02-21 04:00:00,2030.471,2032.287,2028.386,2028.829,11476,124,0,-163.40000000000146,-0.08047425636419359
2024-02-21 08:00:00,2028.817,2030.117,2025.987,2028.28,13760,124,0,-54.89999999999782,-0.02705994443099602
2024-02-21 12:00:00,2028.283,2031.572,2024.047,2024.187,19550,124,0,-409.30000000000746,-0.20179659613071
2024-02-21 16:00:00,2024.228,2026.501,2020.037,2025.966,18725,124,0,177.89999999999964,0.08788713690979222
2024-02-21 20:00:00,2025.976,2026.996,2023.946,2025.681,7861,124,0,-28.499999999985448,-0.01406736342070003
2024-02-22 00:00:00,2025.596,2028.565,2025.057,2026.33,11268,124,0,64.89999999998872,0.032038608250739564
2024-02-22 04:00:00,2026.337,2032.013,2025.512,2031.433,11425,124,0,510.30000000000655,0.2518345975236036
2024-02-22 08:00:00,2031.432,2034.871,2027.293,2028.975,16443,124,0,-245.80000000000837,-0.12099832975047686
2024-02-22 12:00:00,2028.967,2029.881,2020.248,2023.344,26951,124,0,-563.0999999999858,-0.27752929434812224
2024-02-22 16:00:00,2023.361,2024.681,2019.584,2023.02,16095,124,0,-32.40000000000691,-0.016013095153377677
2024-02-22 20:00:00,2023.046,2025.899,2022.541,2024.789,6775,124,0,176.90000000000055,0.0874435250269423
2024-02-23 00:00:00,2024.637,2027.379,2022.76,2025.725,11257,124,0,93.59999999999218,0.04622703896552949
2024-02-23 04:00:00,2025.723,2026.462,2018.185,2021.838,11074,124,0,-388.69999999999436,-0.19188191881918115
2024-02-23 08:00:00,2021.84,2023.971,2016.018,2023.828,15940,124,0,199.0000000000009,0.09842529421248969
2024-02-23 12:00:00,2023.845,2031.165,2023.048,2030.076,22631,124,0,624.8000000000047,0.30872188743311657
2024-02-23 16:00:00,2030.126,2041.381,2030.126,2037.34,18707,124,0,726.3999999999896,0.3578191161315969
2024-02-23 20:00:00,2037.338,2037.512,2035.131,2035.561,5183,124,0,-177.89999999999964,-0.0873197404458792
2024-02-25 20:00:00,2033.277,2034.978,2033.217,2034.261,2086,124,0,-129.99999999999545,-0.06386445800444784
2024-02-26 00:00:00,2034.034,2034.143,2029.913,2032.479,11865,124,0,-178.19999999999254,-0.08759937884076363
2024-02-26 04:00:00,2032.477,2035.341,2031.849,2035.047,10990,124,0,256.79999999999836,0.12634816891097245
2024-02-26 08:00:00,2034.998,2037.057,2030.834,2030.929,15948,124,0,-411.7999999999938,-0.20235404882540386
2024-02-26 12:00:00,2030.977,2034.466,2025.052,2029.141,19646,124,0,-178.8000000000011,-0.08803852818094482
2024-02-26 16:00:00,2029.082,2030.177,2026.519,2029.713,15272,124,0,57.199999999988904,0.028189268266709533
2024-02-26 20:00:00,2029.679,2033.7,2029.679,2031.186,6266,124,0,147.29999999999563,0.07257183651088184
2024-02-27 00:00:00,2031.099,2034.617,2031.069,2033.409,9838,124,0,222.30000000001837,0.10944344831049779
2024-02-27 04:00:00,2033.402,2036.217,2032.811,2035.423,10201,124,0,201.39999999998963,0.09904549453652045
2024-02-27 08:00:00,2035.418,2039.509,2034.611,2038.21,14856,124,0,278.70000000000346,0.13692485542318167
2024-02-27 12:00:00,2038.22,2039.141,2033.029,2033.784,20270,124,0,-442.5999999999931,-0.21715132395582204
2024-02-27 16:00:00,2033.832,2036.063,2029.388,2030.251,15739,124,0,-353.3000000000129,-0.17371559614984822
2024-02-27 20:00:00,2030.253,2030.843,2028.716,2030.202,5751,124,0,-4.899999999997817,-0.002413494686126505
2024-02-28 00:00:00,2030.08,2033.732,2029.138,2030.972,11034,124,0,76.99999999999818,0.03792726044009598
2024-02-28 04:00:00,2030.975,2032.057,2027.854,2028.159,10467,124,0,-281.29999999998745,-0.13850510986856968
2024-02-28 08:00:00,2028.204,2029.271,2024.504,2027.292,14881,124,0,-86.70000000001892,-0.04274812773555903
2024-02-28 12:00:00,2027.241,2037.962,2026.87,2031.827,20492,124,0,453.5000000000082,0.22369742493928424
2024-02-28 16:00:00,2031.795,2035.559,2030.872,2032.126,14555,124,0,29.899999999997817,0.014715819801591756
2024-02-28 20:00:00,2032.177,2035.527,2032.09,2034.416,6004,124,0,228.99999999999636,0.11268986273489379
2024-02-29 00:00:00,2034.49,2037.073,2033.973,2036.579,10554,124,0,216.3000000000011,0.10632043790455015
2024-02-29 04:00:00,2036.579,2037.877,2034.374,2037.268,10354,124,0,68.90000000000782,0.033831243472515204
2024-02-29 08:00:00,2037.208,2037.494,2028.867,2030.274,15229,124,0,-699.4000000000142,-0.34330289387553004
2024-02-29 12:00:00,2030.274,2050.72,2028.1,2048.105,28944,124,0,1783.100000000013,0.8782558413297892
2024-02-29 16:00:00,2048.136,2048.387,2043.31,2044.514,16984,124,0,-359.1000000000122,-0.17533280764414627
2024-02-29 20:00:00,2044.458,2045.456,2042.867,2044.094,6479,124,0,-41.99999999998454,-0.020542779359777885
2024-03-01 00:00:00,2044.163,2046.829,2042.806,2046.556,9875,124,0,246.1999999999989,0.12044455881188298
2024-03-01 04:00:00,2046.555,2048.795,2043.447,2045.433,10535,124,0,-112.30000000000473,-0.054872673897032875
2024-03-01 08:00:00,2045.497,2057.519,2039.077,2055.362,18457,124,0,992.9000000000087,0.4854228908989011
2024-03-01 12:00:00,2055.362,2070.966,2045.609,2069.219,30310,124,0,1385.699999999997,0.6741878073059704
2024-03-01 16:00:00,2069.248,2088.35,2069.248,2085.29,24013,124,0,1607.0999999999913,0.7766698449994891
2024-03-01 20:00:00,2085.261,2085.381,2082.886,2083.353,5536,124,0,-193.6999999999898,-0.09288875887765169
2024-03-03 20:00:00,2082.559,2086.183,2082.559,2083.477,2892,124,0,12.399999999979627,0.0059519438136312885
2024-03-04 00:00:00,2083.628,2084.383,2079.451,2081.403,12461,124,0,-207.4000000000069,-0.09954513536747367
2024-03-04 04:00:00,2081.405,2088.286,2080.282,2087.371,11086,124,0,596.8000000000302,0.2867296722451229
2024-03-04 08:00:00,2087.412,2087.476,2081.834,2082.149,15679,124,0,-522.2000000000207,-0.250171148300915
2024-03-04 12:00:00,2082.138,2109.395,2081.145,2109.05,27165,124,0,2690.1000000000295,1.2919824661923984
2024-03-04 16:00:00,2109.008,2119.922,2107.629,2116.278,26197,124,0,722.7999999999611,0.34271354401269605
2024-03-04 20:00:00,2116.286,2118.559,2113.506,2114.592,7082,124,0,-168.59999999996944,-0.07966817213994615
2024-03-05 00:00:00,2114.452,2116.881,2110.44,2112.998,13124,124,0,-159.4000000000051,-0.07538097183759085
2024-03-05 04:00:00,2113.022,2119.668,2112.637,2114.487,13642,124,0,148.90000000000327,0.07046859485906332
2024-03-05 08:00:00,2114.532,2127.362,2114.476,2124.469,19258,124,0,998.1999999999971,0.4720766786459274
2024-03-05 12:00:00,2124.472,2141.918,2121.125,2126.655,48541,124,0,218.60000000001492,0.10289630020490215
2024-03-05 16:00:00,2126.611,2134.748,2123.671,2129.562,22195,124,0,290.6999999999698,0.13669353985483745
2024-03-05 20:00:00,2129.523,2131.0,2126.768,2128.275,7742,124,0,-128.69999999998072,-0.060434962682454074
2024-03-06 00:00:00,2127.89,2128.142,2123.642,2124.735,12101,124,0,-353.99999999999636,-0.1663318885012477
2024-03-06 04:00:00,2124.754,2131.503,2124.754,2128.515,11825,124,0,377.99999999997453,0.17790453868362643
2024-03-06 08:00:00,2128.467,2132.64,2124.336,2132.512,16818,124,0,399.70000000002983,0.18778350164316837
2024-03-06 12:00:00,2132.557,2149.227,2130.989,2140.962,40364,124,0,844.9999999999818,0.39624630482735235
2024-03-06 16:00:00,2140.929,2152.272,2139.423,2144.346,29528,124,0,338.40000000000146,0.15805978807656995
2024-03-06 20:00:00,2144.296,2151.146,2143.152,2147.342,8825,124,0,299.60000000000946,0.1397162584769518
2024-03-07 00:00:00,2147.001,2152.532,2144.222,2151.746,16970,124,0,440.39999999999964,0.20509075871473215
2024-03-07 04:00:00,2151.756,2161.644,2151.515,2155.988,22747,124,0,424.19999999997344,0.19714222775364387
2024-03-07 08:00:00,2156.041,2159.867,2153.292,2155.979,19140,124,0,-0.9000000000014552,-0.00041744202657900686
2024-03-07 12:00:00,2155.987,2164.809,2147.904,2153.739,36575,124,0,-223.99999999997817,-0.10389711588099093
2024-03-07 16:00:00,2153.731,2160.944,2149.261,2160.028,20728,124,0,628.899999999976,0.2920038129039737
2024-03-07 20:00:00,2159.983,2161.577,2157.986,2161.577,7341,124,0,154.9000000000433,0.07171203336255871
2024-03-08 00:00:00,2161.754,2163.605,2153.991,2157.615,13398,124,0,-396.2000000000444,-0.18329210571728094
2024-03-08 04:00:00,2157.619,2162.07,2156.352,2161.383,13579,124,0,376.8000000000029,0.17463727310016441
2024-03-08 08:00:00,2161.332,2171.152,2161.093,2168.259,19418,124,0,687.6000000000204,0.31812964199311455
2024-03-08 12:00:00,2168.262,2185.452,2156.419,2177.203,49068,124,0,894.399999999996,0.41249684654831587
2024-03-08 16:00:00,2177.247,2195.19,2168.316,2176.473,35268,124,0,-73.00000000000182,-0.03352925749229296
2024-03-08 20:00:00,2176.503,2179.084,2175.686,2178.54,6056,124,0,206.70000000000073,0.09497016503305922
2024-03-10 20:00:00,2179.615,2183.862,2177.151,2181.604,5752,124,0,306.3999999999851,0.14064465192284992
2024-03-11 00:00:00,2181.63,2189.049,2176.899,2179.5,17331,124,0,-210.39999999998145,-0.0964428008015994
2024-03-11 04:00:00,2179.506,2182.779,2176.851,2182.237,14199,124,0,273.700000000008,0.12557926129845853
2024-03-11 08:00:00,2182.279,2183.121,2175.848,2178.925,17849,124,0,-331.1999999999898,-0.15177086631744663
2024-03-11 12:00:00,2178.961,2185.689,2174.689,2184.308,29217,124,0,538.2999999999811,0.247048429844976
2024-03-11 16:00:00,2184.328,2184.686,2177.142,2181.328,17766,124,0,-298.0000000000018,-0.13642764665056095
2024-03-11 20:00:00,2181.366,2184.764,2180.676,2183.589,6382,124,0,226.09999999999673,0.1036524539179684
2024-03-12 00:00:00,2183.589,2184.521,2176.801,2177.506,13126,124,0,-608.3000000000084,-0.27857806574406174
2024-03-12 04:00:00,2177.51,2179.194,2173.571,2176.961,14269,124,0,-54.500000000007276,-0.025028633675405754
2024-03-12 08:00:00,2176.918,2179.084,2170.604,2171.994,16820,124,0,-496.69999999996435,-0.22816210304179574
2024-03-12 12:00:00,2171.972,2182.023,2152.588,2163.052,58619,124,0,-894.2000000000007,-0.4116954282562424
2024-03-12 16:00:00,2163.045,2166.553,2150.504,2157.352,19932,124,0,-570.0000000000273,-0.26351654976395356
2024-03-12 20:00:00,2157.336,2161.305,2155.789,2156.953,7849,124,0,-39.89999999998872,-0.018494895594223237
2024-03-13 00:00:00,2156.944,2161.541,2156.564,2159.094,13481,124,0,214.10000000000764,0.09926039185832458
2024-03-13 04:00:00,2159.093,2161.537,2157.261,2159.685,13415,124,0,59.09999999998945,0.027372592392915784
2024-03-13 08:00:00,2159.727,2164.206,2157.545,2163.962,16486,124,0,427.70000000000437,0.19803813982131047
2024-03-13 12:00:00,2163.961,2174.561,2161.412,2171.796,32134,124,0,783.3999999999833,0.362021144548752
2024-03-13 16:00:00,2171.744,2179.837,2169.574,2172.584,20612,124,0,78.80000000000109,0.03628333416214602
2024-03-13 20:00:00,2172.534,2176.246,2172.312,2175.399,5889,124,0,281.50000000000546,0.12956921343432182
2024-03-14 00:00:00,2175.486,2177.033,2171.137,2172.301,13008,124,0,-309.79999999999563,-0.1424106566197736
2024-03-14 04:00:00,2172.292,2172.551,2167.457,2168.671,13241,124,0,-363.0000000000109,-0.167103914236566
2024-03-14 08:00:00,2168.617,2171.997,2167.138,2168.493,15526,124,0,-17.79999999998836,-0.008207791776615458
2024-03-14 12:00:00,2168.533,2170.429,2152.686,2157.228,41285,124,0,-1126.4999999999873,-0.5194851908675635
2024-03-14 16:00:00,2157.227,2165.033,2156.702,2163.487,17578,124,0,625.9000000000015,0.29014086596317323
2024-03-14 20:00:00,2163.552,2163.897,2160.863,2161.682,4983,125,0,-180.5000000000291,-0.08343012923119897
2024-03-15 00:00:00,2161.735,2165.947,2160.626,2164.568,12428,124,0,288.6000000000422,0.13350714860005386
2024-03-15 04:00:00,2164.57,2170.203,2163.513,2167.054,14659,124,0,248.59999999998763,0.11484970673132366
2024-03-15 08:00:00,2167.093,2172.75,2165.298,2166.947,17278,124,0,-10.69999999999709,-0.0049375788512828755
2024-03-15 12:00:00,2166.933,2167.331,2156.475,2160.028,31686,124,0,-691.9000000000324,-0.31929714939961107
2024-03-15 16:00:00,2159.979,2163.489,2155.13,2156.954,17294,124,0,-307.39999999996144,-0.14231297001703336
2024-03-15 20:00:00,2156.986,2158.294,2155.438,2155.735,1934,125,0,-121.9000000000051,-0.05651488163400664
2024-03-17 20:00:00,2153.317,2156.57,2153.118,2156.554,5023,124,0,81.899999999996,0.037991682651150604
2024-03-18 00:00:00,2156.51,2157.52,2146.099,2146.805,15647,124,0,-974.9000000000251,-0.4520638017874945
2024-03-18 04:00:00,2146.806,2152.2,2146.107,2152.2,13093,124,0,539.4999999999982,0.251303681517423
2024-03-18 08:00:00,2152.136,2161.274,2150.156,2161.052,17909,124,0,885.2000000000317,0.4113000650497245
2024-03-18 12:00:00,2161.011,2163.65,2155.526,2158.347,25351,124,0,-270.4999999999927,-0.1251705188028751
2024-03-18 16:00:00,2158.381,2161.165,2154.617,2160.204,16129,124,0,185.6999999999971,0.0860380652415893
2024-03-18 20:00:00,2160.191,2162.402,2159.423,2161.688,4970,125,0,148.39999999999236,0.06869721563333986
2024-03-19 00:00:00,2162.091,2162.876,2158.626,2161.465,13874,124,0,-22.299999999995634,-0.010316012301492261
2024-03-19 04:00:00,2161.452,2162.097,2153.977,2155.777,16055,124,0,-568.8000000000102,-0.2631548509922754
2024-03-19 08:00:00,2155.816,2156.72,2147.192,2155.573,20714,124,0,-20.400000000017826,-0.009462945378868604
2024-03-19 12:00:00,2155.522,2158.727,2148.402,2154.257,26067,124,0,-131.59999999998035,-0.061051052318794596
2024-03-19 16:00:00,2154.293,2157.957,2153.132,2157.719,15472,124,0,346.1999999999989,0.16070505979555172
2024-03-19 20:00:00,2157.766,2159.632,2157.019,2157.047,4791,124,0,-67.20000000000255,-0.031143999751592766
2024-03-20 00:00:00,2157.091,2160.042,2155.214,2159.853,11050,124,0,280.600000000004,0.13008525080817623
2024-03-20 04:00:00,2159.885,2160.234,2156.387,2158.304,12420,124,0,-154.89999999999782,-0.07171784376066581
2024-03-20 08:00:00,2158.262,2158.388,2152.301,2154.015,15612,124,0,-428.90000000002146,-0.19872084748024932
2024-03-20 12:00:00,2154.061,2164.899,2149.55,2155.89,25546,124,0,187.5,0.08704674758532871
2024-03-20 16:00:00,2155.9,2188.843,2155.493,2182.918,53050,124,0,2702.8000000000247,1.2536817741165107
2024-03-20 20:00:00,2182.869,2211.275,2182.818,2203.557,12546,124,0,2063.899999999967,0.9454775671829951
2024-03-21 00:00:00,2204.009,2212.619,2192.425,2202.764,24680,124,0,-79.29999999996653,-0.03598726967352084
2024-03-21 04:00:00,2202.791,2210.193,2201.813,2206.608,17594,124,0,384.4000000000051,0.17450802718765868
2024-03-21 08:00:00,2206.544,2211.789,2196.831,2207.523,24971,124,0,91.49999999999636,0.0414663592264608
2024-03-21 12:00:00,2207.467,2208.848,2166.333,2174.716,48866,124,0,-3280.7000000000244,-1.4861453312151385
2024-03-21 16:00:00,2174.744,2183.984,2172.988,2181.464,20349,124,0,674.8000000000047,0.3102933900334559
2024-03-21 20:00:00,2181.515,2182.469,2180.527,2181.528,5380,124,0,6.399999999985084,0.002933809588423486
2024-03-22 00:00:00,2181.714,2186.079,2171.846,2173.775,19676,124,0,-775.2999999999702,-0.3553931006156974
2024-03-22 04:00:00,2173.771,2176.334,2162.622,2168.435,18403,124,0,-534.0000000000146,-0.24565559913055646
2024-03-22 08:00:00,2168.436,2170.07,2164.908,2166.054,19613,124,0,-238.0999999999858,-0.10980269180306257
2024-03-22 12:00:00,2166.097,2180.097,2165.439,2166.133,31521,124,0,7.899999999972351,0.003647185157884536
2024-03-22 16:00:00,2166.096,2167.507,2157.019,2164.023,19675,124,0,-210.99999999996726,-0.09740860787401662
2024-03-22 20:00:00,2164.058,2167.223,2163.604,2165.376,2850,125,0,135.30000000000655,0.062522440842816
2024-03-24 20:00:00,2166.351,2168.931,2165.116,2168.374,5647,124,0,299.79999999995925,0.13845170538508977
2024-03-25 00:00:00,2168.355,2178.365,2163.934,2170.639,22218,124,0,226.50000000003274,0.10445615009220255
2024-03-25 04:00:00,2170.65,2171.661,2163.45,2165.851,16108,124,0,-478.8000000000011,-0.22058020702659942
2024-03-25 08:00:00,2165.805,2171.871,2163.846,2170.436,18367,124,0,458.50000000000364,0.2116950796707595
2024-03-25 12:00:00,2170.474,2181.304,2170.299,2175.45,25171,124,0,501.3999999999669,0.23101349221998912
2024-03-25 16:00:00,2175.443,2177.833,2170.699,2170.983,14795,124,0,-446.69999999996435,-0.20533682686338928
2024-03-25 20:00:00,2171.03,2173.41,2170.776,2172.916,6140,124,0,193.29999999999927,0.08903800720687638
2024-03-26 00:00:00,2172.922,2174.441,2167.614,2170.383,15091,124,0,-253.30000000003565,-0.11657146433642351
2024-03-26 04:00:00,2170.392,2174.209,2169.62,2173.046,13267,124,0,266.3000000000011,0.1226972382293745
2024-03-26 08:00:00,2173.028,2200.088,2171.603,2196.461,24657,124,0,2341.4999999999964,1.077519757980272
2024-03-26 12:00:00,2196.491,2197.364,2171.718,2174.281,33963,124,0,-2217.9999999999836,-1.0098062292023369
2024-03-26 16:00:00,2174.329,2179.25,2174.28,2177.914,16488,124,0,363.30000000002656,0.16708971839427544
2024-03-26 20:00:00,2177.957,2179.983,2174.646,2179.504,5837,124,0,158.99999999996908,0.0730056375044974
2024-03-27 00:00:00,2179.5,2181.767,2173.161,2177.763,16093,124,0,-174.09999999999854,-0.07988055998061627
2024-03-27 04:00:00,2177.747,2180.822,2175.68,2180.525,13619,124,0,276.2000000000171,0.1268273912266915
2024-03-27 08:00:00,2180.564,2197.623,2176.471,2188.441,24356,124,0,791.5999999999713,0.3630318386626863
2024-03-27 12:00:00,2188.475,2195.26,2183.45,2190.534,30197,124,0,209.3000000000302,0.09563885889545265
2024-03-27 16:00:00,2190.511,2194.25,2189.032,2193.32,16216,124,0,278.6000000000058,0.12718359998065143
2024-03-27 20:00:00,2193.373,2195.247,2189.781,2191.006,7277,124,0,-231.40000000003056,-0.10550216110737365
2024-03-28 00:00:00,2190.76,2196.476,2187.344,2194.81,16029,124,0,380.40000000000873,0.17361887644307128
2024-03-28 04:00:00,2194.79,2200.69,2192.67,2193.756,15327,124,0,-105.40000000000873,-0.04802238006934578
2024-03-28 08:00:00,2193.775,2213.833,2190.865,2210.322,25321,124,0,1656.6000000000258,0.7551432337962849
2024-03-28 12:00:00,2210.318,2217.186,2202.232,2215.914,41320,124,0,559.2000000000098,0.2529948125205239
2024-03-28 16:00:00,2215.928,2225.632,2213.495,2221.694,21440,124,0,577.9999999999745,0.2608404477790982
2024-03-28 20:00:00,2221.687,2236.35,2219.639,2232.636,4217,124,0,1094.2000000000007,0.4925070689302924
2024-03-31 20:00:00,2239.7,2247.396,2235.626,2244.984,10516,187,0,1234.7999999999956,0.5530682117461216
2024-04-01 00:00:00,2246.015,2265.198,2243.88,2264.366,22470,187,0,1938.2000000000062,0.863346910267504
2024-04-01 04:00:00,2264.416,2265.734,2256.904,2257.572,15231,124,0,-679.3999999999869,-0.3000398345497146
2024-04-01 08:00:00,2257.6,2260.224,2245.619,2246.888,18878,124,0,-1068.4000000000196,-0.47325179440568244
2024-04-01 12:00:00,2246.857,2257.94,2228.51,2239.679,45390,124,0,-720.8999999999833,-0.3208437625729421
2024-04-01 16:00:00,2239.693,2244.759,2234.702,2244.707,17335,124,0,502.79999999997926,0.2244964568583141
2024-04-01 20:00:00,2244.65,2255.819,2243.024,2248.973,9622,124,0,426.60000000000764,0.1900470751862171
2024-04-02 00:00:00,2249.0,2255.299,2246.673,2251.568,19710,124,0,259.50000000002547,0.11538600063230042
2024-04-02 04:00:00,2251.571,2259.888,2250.455,2256.411,18735,124,0,484.2999999999847,0.21509454744426115
2024-04-02 08:00:00,2256.363,2266.85,2255.101,2260.563,24663,124,0,415.20000000000437,0.18400903026976057
2024-04-02 12:00:00,2260.606,2277.012,2250.832,2258.641,53136,124,0,-192.20000000000255,-0.08502306726244635
2024-04-02 16:00:00,2258.695,2279.341,2254.113,2277.392,23854,124,0,1875.099999999975,0.8301894811968635
2024-04-02 20:00:00,2277.433,2288.367,2275.685,2280.243,11178,124,0,285.1000000000113,0.1251870560711632
2024-04-03 00:00:00,2279.923,2287.979,2276.774,2285.043,22338,124,0,480.0000000000182,0.21050388050747326
2024-04-03 04:00:00,2285.061,2287.085,2270.362,2271.225,20258,124,0,-1381.800000000021,-0.6047150972651405
2024-04-03 08:00:00,2271.211,2276.119,2267.664,2273.822,23075,124,0,259.70000000002074,0.11434358110711251
2024-04-03 12:00:00,2273.771,2288.389,2265.385,2286.336,51272,124,0,1251.399999999967,0.5503509069751056
2024-04-03 16:00:00,2286.327,2298.904,2280.73,2297.41,26976,124,0,1107.400000000007,0.48435575523457786
2024-04-03 20:00:00,2297.441,2302.558,2296.284,2297.486,9590,124,0,7.600000000002183,0.003308073003949197
2024-04-04 00:00:00,2297.538,2304.906,2297.264,2299.213,18183,124,0,172.70000000003165,0.07516911963774131
2024-04-04 04:00:00,2299.162,2300.704,2291.873,2292.99,16758,124,0,-622.3000000000411,-0.2706578294399131
2024-04-04 08:00:00,2292.977,2295.218,2288.812,2289.298,19027,124,0,-369.2000000000007,-0.16101247715863964
2024-04-04 12:00:00,2289.348,2299.412,2282.713,2292.118,39795,124,0,282.00000000001637,0.12318186623148097
2024-04-04 16:00:00,2292.064,2305.58,2279.855,2284.956,40239,124,0,-716.1999999999807,-0.3124620983736337
2024-04-04 20:00:00,2284.926,2293.345,2284.793,2288.928,9360,124,0,397.19999999997526,0.1738326689879166
2024-04-05 00:00:00,2288.728,2290.314,2267.788,2276.77,28316,124,0,-1215.7999999999902,-0.5311656810524368
2024-04-05 04:00:00,2276.727,2290.606,2276.581,2289.083,21501,124,0,1231.3000000000102,0.5408100071592647
2024-04-05 08:00:00,2289.052,2296.18,2284.896,2291.169,20717,124,0,208.59999999997854,0.09112819412837592
2024-04-05 12:00:00,2291.137,2328.485,2280.262,2326.212,75255,124,0,3504.300000000012,1.5294812386166257
2024-04-05 16:00:00,2326.228,2330.563,2320.676,2323.157,24054,124,0,-305.49999999998363,-0.13132938872294497
2024-04-05 20:00:00,2323.196,2330.032,2322.85,2329.393,3480,124,0,623.5999999999876,0.2684278333319634
2024-04-07 20:00:00,2327.353,2328.601,2304.069,2311.684,19542,124,0,-1770.8999999999833,-0.7602409726482295
2024-04-08 00:00:00,2311.335,2354.182,2302.899,2345.525,62985,124,0,3384.0999999999894,1.463911157407316
2024-04-08 04:00:00,2345.572,2345.611,2331.792,2337.799,35329,124,0,-772.6000000000113,-0.32939320621183654
2024-04-08 08:00:00,2337.747,2343.566,2333.296,2337.379,30463,124,0,-42.000000000007276,-0.01796561637676941
2024-04-08 12:00:00,2337.323,2338.041,2318.677,2327.872,70043,124,0,-950.7000000000062,-0.4067376321940097
2024-04-08 16:00:00,2327.92,2342.034,2326.066,2338.381,25073,124,0,1050.9000000000015,0.4514423473455542
2024-04-08 20:00:00,2338.434,2340.492,2336.714,2338.825,7297,124,0,44.399999999996,0.018987496049605035
2024-04-09 00:00:00,2338.821,2348.538,2337.807,2343.981,26556,124,0,515.6000000000404,0.2204525776832611
2024-04-09 04:00:00,2344.018,2357.048,2343.083,2354.0,23008,124,0,1001.8999999999778,0.427435205319493
2024-04-09 08:00:00,2353.998,2365.378,2349.566,2354.483,29097,124,0,48.30000000001746,0.020518266779956384
2024-04-09 12:00:00,2354.451,2364.319,2338.273,2340.329,70969,124,0,-1415.3999999999996,-0.6011510807255815
2024-04-09 16:00:00,2340.365,2351.558,2340.051,2351.155,26767,124,0,1082.6000000000022,0.4625845340548329
2024-04-09 20:00:00,2351.109,2355.312,2350.389,2354.813,7911,124,0,365.7999999999902,0.15558310702612488
2024-04-10 00:00:00,2354.936,2355.612,2344.735,2351.285,21346,124,0,-352.80000000002474,-0.1498208137971191
2024-04-10 04:00:00,2351.239,2360.116,2350.869,2353.109,21295,124,0,182.4000000000069,0.07757460282356021
2024-04-10 08:00:00,2353.158,2355.892,2344.744,2347.066,22729,124,0,-604.300000000012,-0.2568091830850161
2024-04-10 12:00:00,2347.011,2352.355,2319.253,2337.102,109343,124,0,-996.3999999999942,-0.42453003025905156
2024-04-10 16:00:00,2337.091,2345.28,2325.779,2329.672,44746,124,0,-742.9999999999836,-0.3179150931367114
2024-04-10 20:00:00,2329.729,2337.242,2329.549,2335.467,8651,124,0,579.5000000000073,0.2487474631621911
2024-04-11 00:00:00,2335.526,2346.952,2333.359,2344.003,22369,124,0,853.6000000000058,0.3654943529495469
2024-04-11 04:00:00,2343.948,2346.12,2333.908,2336.433,25299,124,0,-757.0000000000164,-0.3229518050958169
2024-04-11 08:00:00,2336.476,2339.715,2325.664,2337.289,27378,124,0,85.60000000002219,0.03663704458891637
2024-04-11 12:00:00,2337.306,2347.468,2331.642,2344.656,59446,124,0,736.6999999999734,0.31519422715804435
2024-04-11 16:00:00,2344.705,2374.646,2342.661,2372.784,31894,124,0,2812.8000000000156,1.1996642577845273
2024-04-11 20:00:00,2372.861,2379.503,2371.384,2377.038,12285,124,0,425.39999999999054,0.17928307001395805
2024-04-12 00:00:00,2376.825,2395.495,2374.623,2384.279,42156,124,0,724.0999999999985,0.3046228120879846
2024-04-12 04:00:00,2384.285,2400.417,2382.738,2399.951,28355,124,0,1567.2000000000025,0.6573056257258569
2024-04-12 08:00:00,2399.992,2400.671,2390.396,2395.399,28668,124,0,-455.20000000001346,-0.1896705391068454
2024-04-12 12:00:00,2395.402,2431.565,2382.166,2395.591,112487,124,0,19.200000000000728,0.008015366124802803
2024-04-12 16:00:00,2395.553,2395.553,2333.83,2343.301,89472,124,0,-5228.999999999996,-2.182759911854737
2024-04-12 20:00:00,2343.354,2345.207,2341.729,2344.42,4266,124,0,111.90000000001419,0.04775314822977883
2024-04-14 20:00:00,2369.142,2371.957,2346.871,2364.599,11719,124,0,2017.9000000000087,0.8607246141902891
2024-04-15 00:00:00,2364.558,2365.995,2348.435,2358.546,46676,124,0,-605.3000000000338,-0.25598420704737723
2024-04-15 04:00:00,2358.48,2362.505,2349.99,2353.085,31751,124,0,-546.0999999999785,-0.23154095786132034
2024-04-15 08:00:00,2353.076,2361.217,2344.748,2357.984,30777,124,0,489.8999999999887,0.20819477409443898
2024-04-15 12:00:00,2358.032,2361.175,2324.139,2351.653,81981,124,0,-633.1000000000131,-0.26849206780029666
2024-04-15 16:00:00,2351.697,2387.674,2346.152,2386.322,47192,124,0,3466.9000000000324,1.4742396093301302
2024-04-15 20:00:00,2386.407,2392.148,2380.076,2381.872,12044,124,0,-445.0000000000273,-0.18647944409849737
2024-04-16 00:00:00,2381.933,2389.367,2379.197,2387.908,30641,124,0,603.6000000000058,0.2534141213297758
2024-04-16 04:00:00,2387.94,2389.058,2362.992,2365.692,33168,124,0,-2221.5999999999894,-0.9303541007442462
2024-04-16 08:00:00,2365.537,2375.407,2365.144,2373.989,27455,124,0,829.7000000000025,0.3507219029357911
2024-04-16 12:00:00,2373.994,2393.055,2363.495,2385.977,78366,124,0,1198.799999999983,0.5049728537074083
2024-04-16 16:00:00,2386.019,2398.318,2379.75,2389.72,56383,124,0,374.2999999999938,0.15687494053797657
2024-04-16 20:00:00,2389.679,2390.318,2378.406,2382.88,11425,124,0,-683.9999999999691,-0.28622600137253595
2024-04-17 00:00:00,2382.741,2386.29,2380.686,2381.691,23599,124,0,-118.90000000003056,-0.049897602900705884
2024-04-17 04:00:00,2381.689,2383.253,2372.646,2382.533,24044,124,0,84.20000000000982,0.0353530327821705
2024-04-17 08:00:00,2382.498,2394.324,2382.498,2387.336,26650,124,0,480.29999999998836,0.20159217102133642
2024-04-17 12:00:00,2387.402,2395.618,2378.332,2382.211,56062,124,0,-512.5,-0.21467443208664783
2024-04-17 16:00:00,2382.256,2384.493,2361.019,2372.694,52686,124,0,-951.6999999999825,-0.399502814822017
2024-04-17 20:00:00,2372.641,2373.34,2354.585,2367.875,11953,124,0,-481.899999999996,-0.20310246496176854
2024-04-18 00:00:00,2367.874,2375.374,2364.053,2374.793,23197,124,0,691.800000000012,0.2921606926041376
2024-04-18 04:00:00,2374.785,2381.055,2373.169,2377.846,21190,124,0,305.29999999998836,0.12855857331564025
2024-04-18 08:00:00,2377.878,2385.404,2377.211,2380.956,21836,124,0,311.00000000001273,0.13079063993211015
2024-04-18 12:00:00,2381.006,2392.843,2369.516,2384.144,67178,124,0,318.7999999999647,0.13389579647837824
2024-04-18 16:00:00,2384.148,2389.352,2378.085,2380.268,27644,124,0,-387.5999999999749,-0.1625740727070113
2024-04-18 20:00:00,2380.303,2381.507,2376.887,2380.041,6974,124,0,-22.699999999986176,-0.00953674124090087
2024-04-19 00:00:00,2379.905,2417.931,2373.749,2391.385,90743,124,0,1134.400000000005,0.4766304446015779
2024-04-19 04:00:00,2391.381,2393.928,2378.638,2385.462,41607,124,0,-592.3000000000229,-0.24768073731332718
2024-04-19 08:00:00,2385.406,2386.335,2372.799,2376.849,34772,124,0,-861.2999999999829,-0.36106213387594455
2024-04-19 12:00:00,2376.888,2396.049,2373.095,2394.79,55169,124,0,1794.0999999999804,0.7548228768424092
2024-04-19 16:00:00,2394.79,2402.01,2386.626,2387.644,29534,124,0,-714.6000000000186,-0.29839777182968374
2024-04-19 20:00:00,2387.691,2391.291,2386.672,2390.714,3702,124,0,307.00000000001637,0.12857863232542677
2024-04-21 20:00:00,2384.048,2388.626,2381.907,2386.521,9776,124,0,-419.2999999999756,-0.1753869346145076
2024-04-22 00:00:00,2386.543,2386.543,2361.71,2369.363,30901,124,0,-1715.8000000000357,-0.7189544948483784
2024-04-22 04:00:00,2369.423,2372.939,2351.335,2361.02,34831,124,0,-834.2999999999847,-0.35211995798025697
2024-04-22 08:00:00,2360.996,2363.679,2339.418,2342.097,29465,124,0,-1892.2999999999774,-0.8014756334126627
2024-04-22 12:00:00,2342.08,2350.42,2331.063,2334.834,60652,124,0,-726.3000000000375,-0.3101067120618972
2024-04-22 16:00:00,2334.826,2336.493,2324.534,2329.369,23866,124,0,-546.4999999999691,-0.23406374928580664
2024-04-22 20:00:00,2329.328,2333.967,2325.357,2333.775,9227,124,0,440.5999999999949,0.1891499371718286
2024-04-23 00:00:00,2333.753,2334.414,2295.537,2302.641,53581,124,0,-3113.4000000000015,-1.334061766879846
2024-04-23 04:00:00,2302.615,2314.83,2298.891,2309.089,33060,124,0,644.7999999999865,0.28002628286389886
2024-04-23 08:00:00,2309.128,2309.819,2291.358,2302.172,31927,124,0,-691.6999999999916,-0.2995553657741179
2024-04-23 12:00:00,2302.184,2332.214,2301.311,2323.231,68179,124,0,2105.9000000000196,0.9147448583337825
2024-04-23 16:00:00,2323.257,2331.39,2321.232,2322.239,24617,124,0,-99.20000000001892,-0.04269915475474395
2024-04-23 20:00:00,2322.292,2324.381,2321.21,2323.247,6951,124,0,100.79999999998108,0.04340638495865523
2024-04-24 00:00:00,2323.264,2328.172,2315.78,2327.879,23151,124,0,463.2000000000062,0.19937613176730373
2024-04-24 04:00:00,2327.904,2331.356,2320.663,2320.745,22707,124,0,-713.4000000000015,-0.30645922747702947
2024-04-24 08:00:00,2320.736,2321.948,2311.742,2316.212,22361,124,0,-453.2999999999902,-0.1953252080689527
2024-04-24 12:00:00,2316.256,2337.391,2312.105,2322.629,53583,124,0,641.6999999999916,0.27704717875565166
2024-04-24 16:00:00,2322.597,2330.521,2317.822,2319.112,24351,124,0,-351.69999999998254,-0.15142323634121935
2024-04-24 20:00:00,2319.142,2319.682,2313.666,2316.257,8835,124,0,-285.5000000000018,-0.12310746527118832
2024-04-25 00:00:00,2316.261,2322.079,2304.899,2313.214,21759,124,0,-304.300000000012,-0.13137574975489175
2024-04-25 04:00:00,2313.264,2326.161,2312.398,2325.659,19855,124,0,1244.5000000000164,0.537996052245937
2024-04-25 08:00:00,2325.687,2330.659,2324.13,2328.543,18511,124,0,288.40000000000146,0.12400786185764456
2024-04-25 12:00:00,2328.539,2344.909,2312.754,2330.512,82989,124,0,196.9000000000051,0.08455931455850774
2024-04-25 16:00:00,2330.545,2336.452,2323.005,2332.924,23672,124,0,241.19999999998072,0.10349657071062612
2024-04-25 20:00:00,2332.97,2333.774,2330.06,2330.659,7215,124,0,-226.49999999998727,-0.09708846066137644
2024-04-26 00:00:00,2330.655,2336.3,2326.256,2334.672,18040,124,0,401.299999999992,0.17218306067081635
2024-04-26 04:00:00,2334.671,2347.357,2333.462,2345.541,21507,124,0,1086.9000000000142,0.4655471946380496
2024-04-26 08:00:00,2345.545,2352.593,2343.389,2344.938,24578,124,0,-60.30000000000655,-0.0257083547036685
2024-04-26 12:00:00,2344.918,2351.632,2328.707,2336.669,54353,124,0,-826.9000000000233,-0.35263192459673576
2024-04-26 16:00:00,2336.724,2341.448,2332.626,2339.933,19883,124,0,326.40000000001237,0.13968602313807477
2024-04-26 20:00:00,2339.984,2340.15,2336.358,2337.829,3450,124,0,-210.39999999998145,-0.08991710446409895
2024-04-28 20:00:00,2333.922,2336.866,2332.51,2336.022,6393,124,0,-180.70000000002437,-0.07729393381638028
2024-04-29 00:00:00,2335.974,2336.368,2319.839,2328.469,27071,124,0,-755.2999999999884,-0.3233274344162762
2024-04-29 04:00:00,2328.481,2337.943,2327.395,2337.354,32612,124,0,888.4999999999764,0.38158120206881474
2024-04-29 08:00:00,2337.277,2344.393,2335.415,2337.095,20637,124,0,-25.900000000001455,-0.0110809060159478
2024-04-29 12:00:00,2337.065,2339.547,2325.623,2337.821,36371,124,0,72.60000000001128,0.031064205776831777
2024-04-29 16:00:00,2337.837,2346.744,2333.011,2335.665,29468,124,0,-215.5999999999949,-0.09222262953407778
2024-04-29 20:00:00,2335.714,2337.145,2332.672,2333.21,7174,124,0,-245.49999999999272,-0.10510925154078032
2024-04-30 00:00:00,2333.216,2336.15,2326.862,2329.227,20025,124,0,-398.30000000001746,-0.17070902319122894
2024-04-30 04:00:00,2329.265,2329.505,2315.322,2317.57,21379,124,0,-1165.6999999999698,-0.5004664637667244
2024-04-30 08:00:00,2317.554,2318.493,2309.487,2312.744,20975,124,0,-482.6000000000022,-0.2082353499570644
2024-04-30 12:00:00,2312.695,2313.403,2293.13,2295.871,57720,124,0,-1687.3000000000047,-0.7295662641433776
2024-04-30 16:00:00,2295.836,2299.342,2289.34,2290.875,25701,124,0,-499.60000000000946,-0.2176080450513207
2024-04-30 20:00:00,2290.828,2293.505,2285.004,2291.282,10640,124,0,40.70000000001528,0.017766137392927206
2024-05-01 00:00:00,2291.293,2292.906,2282.986,2284.09,15885,124,0,-719.2000000000007,-0.31388541436627726
2024-05-01 04:00:00,2284.052,2289.782,2281.582,2285.823,15917,124,0,173.299999999972,0.07587266701398754
2024-05-01 08:00:00,2285.772,2297.13,2283.837,2294.575,18952,124,0,875.1999999999953,0.3828817891849079
2024-05-01 12:00:00,2294.527,2310.506,2294.13,2307.293,45091,124,0,1271.8000000000302,0.5542638614994155
2024-05-01 16:00:00,2307.329,2328.325,2295.863,2309.761,65068,124,0,246.79999999998472,0.10696517520747406
2024-05-01 20:00:00,2309.794,2324.87,2307.032,2323.847,17231,124,0,1408.600000000024,0.6098466464712349
2024-05-02 00:00:00,2323.885,2326.508,2317.314,2319.534,17943,124,0,-431.3000000000102,-0.18559741669740282
2024-05-02 04:00:00,2319.534,2321.023,2308.177,2309.299,21139,124,0,-1023.5000000000127,-0.4412524239782667
2024-05-02 08:00:00,2309.33,2311.101,2295.178,2299.046,23925,124,0,-1025.3000000000156,-0.4439875477363575
2024-05-02 12:00:00,2298.994,2306.949,2285.43,2299.966,54200,124,0,92.00000000000728,0.04001659818899661
2024-05-02 16:00:00,2299.977,2309.509,2297.948,2302.954,22862,124,0,298.8000000000284,0.12991496396035362
2024-05-02 20:00:00,2302.915,2305.616,2300.611,2304.284,7677,124,0,132.99999999999272,0.05775191341208519
2024-05-03 00:00:00,2304.28,2306.426,2299.911,2302.445,16197,124,0,-183.89999999999418,-0.07980787090480224
2024-05-03 04:00:00,2302.518,2308.827,2297.757,2299.253,18666,124,0,-319.2000000000007,-0.1386352334149188
2024-05-03 08:00:00,2299.208,2303.209,2296.241,2298.317,18938,124,0,-93.60000000001492,-0.04070887370811738
2024-05-03 12:00:00,2298.314,2320.787,2277.107,2293.766,92648,124,0,-455.0999999999931,-0.19801446014626745
2024-05-03 16:00:00,2293.812,2303.123,2292.825,2301.402,21780,124,0,763.5999999999967,0.3329023100002271
2024-05-03 20:00:00,2301.401,2303.456,2300.67,2301.665,3122,125,0,26.299999999991996,0.011427816609166364
2024-05-05 20:00:00,2302.359,2303.326,2293.302,2294.005,7217,124,0,-765.9999999999854,-0.3328025581481153
2024-05-06 00:00:00,2293.967,2315.432,2291.811,2309.36,30727,124,0,1535.5000000000018,0.6693533797877516
2024-05-06 04:00:00,2309.404,2324.173,2308.152,2322.683,22068,124,0,1332.2999999999865,0.5769130841445147
2024-05-06 08:00:00,2322.68,2323.12,2315.616,2318.226,20149,124,0,-445.699999999988,-0.19189015461860137
2024-05-06 12:00:00,2318.17,2332.128,2314.543,2324.811,43732,124,0,658.5000000000036,0.2840534098055958
2024-05-06 16:00:00,2324.769,2327.495,2317.697,2325.068,23287,124,0,25.700000000006185,0.011054662077913946
2024-05-06 20:00:00,2325.03,2328.875,2322.224,2325.98,8731,124,0,91.19999999998072,0.03922465923575924
2024-05-07 00:00:00,2325.993,2329.963,2319.641,2324.895,20465,124,0,-108.50000000000364,-0.04664700470339289
2024-05-07 04:00:00,2324.922,2325.112,2317.716,2319.242,19034,124,0,-565.2999999999793,-0.24315076594856322
2024-05-07 08:00:00,2319.292,2319.878,2311.678,2312.386,19433,124,0,-685.6000000000222,-0.29561382555163274
2024-05-07 12:00:00,2312.38,2323.756,2309.943,2314.741,34300,124,0,235.50000000000182,0.10184285841550178
2024-05-07 16:00:00,2314.791,2317.502,2311.07,2314.656,17691,124,0,-8.500000000003638,-0.0036721170964759686
2024-05-07 20:00:00,2314.671,2316.654,2312.745,2315.156,5982,124,0,50.0,0.02160148203447232
2024-05-08 00:00:00,2315.205,2318.221,2306.823,2317.039,20487,124,0,188.30000000002656,0.0813336120762509
2024-05-08 04:00:00,2317.037,2321.373,2305.307,2305.764,18672,124,0,-1127.500000000009,-0.4866124394108162
2024-05-08 08:00:00,2305.729,2318.134,2303.622,2314.711,22441,124,0,894.6999999999662,0.38802756917011294
2024-05-08 12:00:00,2314.683,2320.429,2306.758,2320.429,39166,124,0,571.8000000000302,0.24702867874220047
2024-05-08 16:00:00,2320.459,2321.133,2307.898,2308.211,17037,124,0,-1221.8000000000302,-0.5265405664211409
2024-05-08 20:00:00,2308.268,2310.818,2307.849,2308.777,6562,124,0,56.60000000002583,0.024521155128387484
2024-05-09 00:00:00,2308.771,2313.033,2307.801,2312.311,15608,124,0,353.40000000001055,0.15306805291286363
2024-05-09 04:00:00,2312.31,2319.772,2307.443,2309.341,19179,124,0,-297.00000000002547,-0.12844293003839713
2024-05-09 08:00:00,2309.306,2316.703,2306.493,2315.956,18777,124,0,661.5000000000236,0.28644535389101833
2024-05-09 12:00:00,2315.952,2338.968,2312.11,2330.434,50114,124,0,1447.8000000000065,0.6251414102858677
2024-05-09 16:00:00,2330.47,2344.035,2329.13,2343.788,19646,124,0,1335.3999999999814,0.573026311837177
2024-05-09 20:00:00,2343.734,2348.362,2343.153,2346.554,8855,124,0,276.60000000000764,0.11801408659828372
2024-05-10 00:00:00,2346.598,2355.852,2345.963,2353.362,23531,124,0,680.7999999999993,0.29012756578370436
2024-05-10 04:00:00,2353.42,2370.44,2351.208,2366.738,24424,124,0,1337.599999999975,0.5683783455328939
2024-05-10 08:00:00,2366.771,2378.546,2365.869,2372.164,24059,124,0,542.6000000000386,0.229260695522715
2024-05-10 12:00:00,2372.168,2375.789,2356.573,2364.842,51107,124,0,-732.2000000000116,-0.308663313329105
2024-05-10 16:00:00,2364.817,2370.998,2361.701,2363.353,20605,124,0,-148.90000000000327,-0.0629640373437268
2024-05-10 20:00:00,2363.404,2365.085,2359.732,2360.487,2976,124,0,-286.59999999999854,-0.12126838436746779
2024-05-12 20:00:00,2361.439,2363.126,2359.76,2360.448,5294,124,0,-3.900000000021464,-0.0016522014313236077
2024-05-13 00:00:00,2360.485,2364.525,2354.812,2357.107,19725,124,0,-334.09999999998945,-0.14154092782386885
2024-05-13 04:00:00,2357.107,2357.107,2346.475,2348.607,18944,124,0,-850.0,-0.3606115462726156
2024-05-13 08:00:00,2348.561,2350.374,2338.402,2344.578,23211,124,0,-402.89999999999964,-0.17154849661948912
2024-05-13 12:00:00,2344.513,2349.814,2332.067,2335.904,43236,124,0,-867.3999999999978,-0.36995996720945445
2024-05-13 16:00:00,2335.921,2338.528,2334.461,2337.372,18177,124,0,146.79999999998472,0.06284504842664074
2024-05-13 20:00:00,2337.412,2339.336,2335.258,2338.446,5565,124,0,107.40000000000691,0.0459490402041407
2024-05-14 00:00:00,2338.427,2344.468,2334.771,2343.096,17409,124,0,465.0000000000091,0.19885000551649323
2024-05-14 04:00:00,2343.114,2345.964,2336.118,2339.189,18538,124,0,-390.7000000000153,-0.16674519524595421
2024-05-14 08:00:00,2339.149,2348.242,2337.75,2343.622,19770,124,0,443.2999999999993,0.18951012509036413
2024-05-14 12:00:00,2343.651,2357.109,2336.556,2347.962,49276,124,0,434.00000000001455,0.18518344681863752
2024-05-14 16:00:00,2347.919,2359.653,2346.328,2356.524,20552,124,0,856.1999999999898,0.36465666820841847
2024-05-14 20:00:00,2356.558,2358.421,2355.085,2355.81,6092,124,0,-71.39999999999418,-0.03029886391990866
2024-05-15 00:00:00,2355.808,2361.056,2354.878,2360.311,16588,124,0,450.1000000000204,0.19105955064289137
2024-05-15 04:00:00,2360.333,2365.237,2355.679,2362.439,18722,124,0,212.79999999997017,0.0901576105860391
2024-05-15 08:00:00,2362.478,2374.351,2362.017,2362.78,21521,124,0,34.100000000034925,0.014434235127347428
2024-05-15 12:00:00,2362.781,2385.759,2351.784,2377.588,67846,124,0,1480.7999999999993,0.6267193729420528
2024-05-15 16:00:00,2377.629,2390.333,2377.084,2386.351,24851,124,0,876.299999999992,0.36856679963055416
2024-05-15 20:00:00,2386.32,2391.947,2385.393,2391.807,9365,124,0,545.5999999999676,0.22863359162166308
2024-05-16 00:00:00,2391.801,2397.392,2386.584,2388.645,25814,124,0,-316.1999999999807,-0.13220130219535609
2024-05-16 04:00:00,2388.674,2394.536,2384.644,2389.373,21268,124,0,72.80000000000655,0.030477530147843268
2024-05-16 08:00:00,2389.351,2391.399,2380.835,2384.659,20337,124,0,-471.3999999999942,-0.19729025145927004
2024-05-16 12:00:00,2384.708,2386.392,2370.923,2381.546,47028,124,0,-311.3000000000284,-0.13054277362088973
2024-05-16 16:00:00,2381.602,2383.781,2377.742,2378.144,18741,124,0,-340.20000000000437,-0.14284838504063924
2024-05-16 20:00:00,2378.19,2379.701,2375.876,2377.763,6389,124,0,-38.09999999998581,-0.016020896968382825
2024-05-17 00:00:00,2377.758,2381.27,2373.969,2377.84,17262,124,0,7.7000000000225555,0.003238337883137987
2024-05-17 04:00:00,2377.846,2387.801,2376.621,2383.853,18638,124,0,601.299999999992,0.2528765602395344
2024-05-17 08:00:00,2383.911,2390.169,2381.336,2389.72,18835,124,0,586.6999999999734,0.24611416895252702
2024-05-17 12:00:00,2389.681,2419.211,2386.836,2407.745,51950,124,0,1802.500000000009,0.754272467067274
2024-05-17 16:00:00,2407.777,2419.217,2405.768,2416.439,25613,124,0,869.399999999996,0.3610847494232239
2024-05-17 20:00:00,2416.489,2422.774,2413.455,2413.971,5382,124,0,-246.79999999998472,-0.10213375963555871
2024-05-19 20:00:00,2425.239,2425.239,2416.768,2420.231,10240,124,0,626.0000000000218,0.2593237449828534
2024-05-20 00:00:00,2420.244,2440.684,2416.49,2437.58,41049,124,0,1734.8999999999705,0.7168324015352168
2024-05-20 04:00:00,2437.58,2450.062,2431.793,2442.252,36640,124,0,467.20000000000255,0.19166550431164442
2024-05-20 08:00:00,2442.273,2447.242,2427.641,2430.642,29675,124,0,-1161.0000000000127,-0.47538091892237455
2024-05-20 12:00:00,2430.61,2430.935,2407.303,2424.875,64740,124,0,-576.6999999999825,-0.23726241873545106
2024-05-20 16:00:00,2424.852,2437.418,2422.478,2426.72,25855,124,0,184.49999999998,0.07608639620597657
2024-05-20 20:00:00,2426.772,2430.459,2423.316,2426.171,9913,124,0,-54.89999999999782,-0.022623129161991606
2024-05-21 00:00:00,2426.173,2433.119,2406.075,2413.732,40529,124,0,-1243.899999999985,-0.5127008772258801
2024-05-21 04:00:00,2413.723,2422.255,2408.536,2419.249,27304,124,0,551.6999999999825,0.2285672145871942
2024-05-21 08:00:00,2419.305,2423.774,2412.131,2423.423,24044,124,0,417.3999999999978,0.1725328810717741
2024-05-21 12:00:00,2423.449,2433.98,2420.007,2423.447,50101,124,0,2.400000000034197,0.0009903347455431089
2024-05-21 16:00:00,2423.383,2425.038,2417.329,2423.355,23239,124,0,-9.200000000009823,-0.0037962455956330743
2024-05-21 20:00:00,2423.342,2423.494,2420.356,2421.691,6207,125,0,-166.40000000002146,-0.06866513573126065
2024-05-22 00:00:00,2421.697,2426.577,2412.579,2414.2,22217,124,0,-749.0999999999985,-0.3093293074962866
2024-05-22 04:00:00,2414.201,2418.565,2411.405,2417.27,22624,124,0,307.00000000001637,0.1271642780217075
2024-05-22 08:00:00,2417.236,2419.432,2404.718,2408.719,23971,124,0,-855.0999999999931,-0.3537461681980103
2024-05-22 12:00:00,2408.748,2415.077,2382.171,2392.002,58599,124,0,-1671.7000000000098,-0.6940203485753305
2024-05-22 16:00:00,2391.959,2395.031,2374.972,2379.341,32843,124,0,-1266.1000000000058,-0.5293055775037026
2024-05-22 20:00:00,2379.302,2382.744,2377.319,2382.161,9355,124,0,282.00000000001637,0.1185202121091633
2024-05-23 00:00:00,2382.194,2383.723,2366.785,2372.475,30288,124,0,-968.6000000000149,-0.40660559886590564
2024-05-23 04:00:00,2372.458,2374.026,2354.951,2356.146,30668,124,0,-1632.8999999999724,-0.6882685802800714
2024-05-23 08:00:00,2356.094,2369.48,2355.11,2368.08,24572,124,0,1193.3999999999742,0.5065051147085109
2024-05-23 12:00:00,2368.036,2369.904,2340.352,2346.12,67639,124,0,-2196.0000000000036,-0.9273335360291846
2024-05-23 16:00:00,2346.082,2350.182,2330.947,2331.618,29967,124,0,-1450.1999999999953,-0.6181269500281306
2024-05-23 20:00:00,2331.66,2333.651,2326.882,2332.05,8441,124,0,43.200000000024374,0.018527906372334257
2024-05-24 00:00:00,2332.053,2335.224,2325.389,2330.634,24460,124,0,-141.60000000001673,-0.06071910979611461
2024-05-24 04:00:00,2330.626,2340.597,2330.452,2337.768,21108,124,0,713.4000000000015,0.3060969676062397
2024-05-24 08:00:00,2337.723,2343.959,2336.069,2338.216,20865,124,0,44.79999999998654,0.019163578250691593
2024-05-24 12:00:00,2338.215,2347.422,2332.388,2334.528,35474,124,0,-368.8000000000102,-0.15772708765999788
2024-05-24 16:00:00,2334.56,2337.01,2331.83,2333.804,18003,124,0,-72.39999999997053,-0.031012692929777153
2024-05-24 20:00:00,2333.843,2335.208,2333.345,2333.819,2370,125,0,1.499999999987267,0.0006427274955367324
2024-05-26 20:00:00,2335.822,2340.716,2332.222,2337.213,6779,124,0,339.4000000000233,0.14542687329224258
2024-05-27 00:00:00,2337.224,2347.638,2334.397,2346.013,19069,124,0,879.9999999999727,0.3765168172519928
2024-05-27 04:00:00,2346.01,2346.054,2338.148,2338.599,18124,124,0,-741.399999999976,-0.3160255292702918
2024-05-27 08:00:00,2338.644,2346.182,2338.197,2345.068,18204,124,0,646.9000000000051,0.27661860797854043
2024-05-27 12:00:00,2345.113,2358.523,2343.712,2352.483,30772,124,0,741.4999999999964,0.31619552183561606
2024-05-27 16:00:00,2352.435,2355.641,2352.16,2353.937,5002,124,0,145.39999999997235,0.061807035374950026
2024-05-27 20:00:00,2352.198,2353.769,2351.098,2352.41,4051,124,0,-152.70000000000437,-0.06487004537504282
2024-05-28 00:00:00,2352.449,2356.362,2349.174,2350.898,21240,124,0,-151.19999999997162,-0.06427450997061879
2024-05-28 04:00:00,2350.862,2353.706,2341.343,2344.045,23834,124,0,-685.3000000000065,-0.29150562891286924
2024-05-28 08:00:00,2344.012,2348.471,2340.271,2347.445,19732,124,0,340.0000000000091,0.14504840990681167
2024-05-28 12:00:00,2347.405,2364.115,2345.902,2360.278,49031,124,0,1283.299999999963,0.5466794749184656
2024-05-28 16:00:00,2360.24,2362.24,2352.795,2358.193,23865,124,0,-208.49999999995816,-0.0883370518218407
2024-05-28 20:00:00,2358.177,2362.406,2357.845,2359.722,8164,124,0,152.89999999999964,0.06483778045307531
2024-05-29 00:00:00,2359.687,2361.069,2354.407,2358.164,20450,124,0,-155.79999999999927,-0.06602472664152259
2024-05-29 04:00:00,2358.174,2361.398,2350.019,2350.51,21998,124,0,-765.3999999999996,-0.3245745418893664
2024-05-29 08:00:00,2350.579,2351.765,2338.451,2341.7,23815,124,0,-881.00000000004,-0.3748122747829319
2024-05-29 12:00:00,2341.69,2347.26,2334.519,2339.187,37895,124,0,-251.299999999992,-0.10731519836015835
2024-05-29 16:00:00,2339.179,2344.327,2336.042,2336.784,18481,124,0,-240.29999999997926,-0.10272799908684904
2024-05-29 20:00:00,2336.814,2339.134,2335.879,2338.401,8063,124,0,161.69999999997344,0.069197666536569
2024-05-30 00:00:00,2338.416,2339.924,2328.058,2334.348,26590,124,0,-405.29999999998836,-0.17332356597520304
2024-05-30 04:00:00,2334.301,2337.732,2322.565,2334.374,26935,124,0,2.599999999983993,0.001113801369800882
2024-05-30 08:00:00,2334.407,2340.983,2330.584,2335.868,24419,124,0,149.4000000000142,0.06400002741635546
2024-05-30 12:00:00,2335.838,2351.885,2331.967,2343.841,48866,124,0,797.2999999999956,0.3413292189455852
2024-05-30 16:00:00,2343.873,2348.831,2339.868,2341.605,20158,124,0,-223.59999999998763,-0.09539896264293413
2024-05-30 20:00:00,2341.552,2346.428,2341.478,2343.944,8369,124,0,233.89999999999418,0.09988875151871746
2024-05-31 00:00:00,2343.959,2347.724,2336.969,2343.725,22559,124,0,-21.900000000005093,-0.009343226629987544
2024-05-31 04:00:00,2343.714,2347.07,2339.938,2340.4,20279,124,0,-332.4999999999818,-0.14186817992724032
2024-05-31 08:00:00,2340.375,2344.986,2339.692,2343.821,18687,124,0,342.0999999999822,0.14617159459919815
2024-05-31 12:00:00,2343.777,2359.762,2327.676,2330.064,59012,124,0,-1375.7000000000062,-0.5869475527354728
2024-05-31 16:00:00,2330.015,2336.732,2320.567,2327.682,29432,124,0,-238.20000000000618,-0.10222895165111767
2024-05-31 20:00:00,2327.723,2330.585,2327.029,2327.228,4097,124,0,-45.39999999997235,-0.01950438247148023
2024-06-02 20:00:00,2328.533,2328.798,2323.376,2325.974,6617,124,0,-125.39999999999054,-0.05388384808020508
2024-06-03 00:00:00,2326.005,2331.149,2320.883,2321.432,21073,124,0,-454.2000000000371,-0.1952730340064157
2024-06-03 04:00:00,2321.478,2328.892,2314.705,2325.992,25195,124,0,456.00000000004,0.19643047911808154
2024-06-03 08:00:00,2325.958,2333.348,2324.334,2330.014,21942,124,0,402.19999999999345,0.17291547004461005
2024-06-03 12:00:00,2330.032,2345.737,2325.696,2342.852,45050,124,0,1283.7999999999738,0.5509838138311407
2024-06-03 16:00:00,2342.818,2354.784,2341.385,2347.647,23934,124,0,479.5000000000073,0.20466508341117073
2024-06-03 20:00:00,2347.692,2351.876,2346.93,2350.667,6869,124,0,301.9999999999982,0.12863944196039867
2024-06-04 00:00:00,2350.678,2352.837,2343.15,2345.785,18492,124,0,-488.2000000000062,-0.20768573345353314
2024-06-04 04:00:00,2345.732,2351.842,2339.089,2339.77,19905,124,0,-601.4999999999873,-0.256417361352379
2024-06-04 08:00:00,2339.715,2339.826,2325.276,2327.955,29834,124,0,-1181.5000000000055,-0.5049641631442392
2024-06-04 12:00:00,2327.921,2337.959,2315.558,2326.107,51562,124,0,-184.79999999999563,-0.07938297776374226
2024-06-04 16:00:00,2326.109,2330.358,2322.543,2327.35,21774,124,0,124.29999999999382,0.053436922721084024
2024-06-04 20:00:00,2327.392,2328.935,2326.015,2328.823,5798,124,0,147.29999999999563,0.063290867295418
2024-06-05 00:00:00,2328.828,2337.956,2325.865,2337.159,17350,124,0,833.600000000024,0.3579490583870193
2024-06-05 04:00:00,2337.21,2341.684,2328.105,2331.625,20584,124,0,-553.4000000000106,-0.2367832055927721
2024-06-05 08:00:00,2331.62,2335.568,2329.481,2332.549,20948,124,0,92.39999999999782,0.039629014099618054
2024-06-05 12:00:00,2332.605,2357.426,2332.221,2353.687,51431,124,0,2113.799999999992,0.9062189047261082
2024-06-05 16:00:00,2353.681,2356.774,2351.408,2353.967,19350,124,0,28.00000000002001,0.011896229192753793
2024-06-05 20:00:00,2354.008,2357.568,2352.793,2355.049,6744,124,0,108.199999999988,0.045964960426370105
2024-06-06 00:00:00,2355.045,2374.995,2354.532,2368.484,25530,124,0,1343.4999999999945,0.5704764529315565
2024-06-06 04:00:00,2368.482,2371.439,2362.17,2362.943,18420,124,0,-554.0999999999713,-0.23394711553886838
2024-06-06 08:00:00,2362.936,2363.927,2358.543,2359.799,17113,124,0,-314.4000000000233,-0.13305441561646258
2024-06-06 12:00:00,2359.779,2378.56,2353.382,2374.263,47894,124,0,1446.3999999999942,0.6129335591717799
2024-06-06 16:00:00,2374.246,2376.972,2369.009,2372.535,22335,124,0,-172.80000000000655,-0.0727804796688547
2024-06-06 20:00:00,2372.509,2378.161,2372.32,2376.767,6583,124,0,423.1999999999971,0.1783746077507864
2024-06-07 00:00:00,2376.772,2382.007,2369.411,2380.154,21713,124,0,338.7000000000171,0.14250450296560135
2024-06-07 04:00:00,2380.157,2387.734,2372.784,2373.62,23157,124,0,-653.4000000000106,-0.27452005206386465
2024-06-07 08:00:00,2373.574,2373.968,2330.911,2336.533,43067,124,0,-3708.699999999999,-1.5624657695840094
2024-06-07 12:00:00,2336.524,2339.346,2304.456,2305.012,72928,124,0,-3152.099999999973,-1.3490500669153693
2024-06-07 16:00:00,2305.057,2314.542,2287.577,2288.304,30310,124,0,-1670.8000000000084,-0.7248552285194165
2024-06-07 20:00:00,2288.342,2294.365,2286.763,2293.839,5432,124,0,553.4999999999854,0.24188219747025563
2024-06-09 20:00:00,2290.469,2300.078,2290.418,2298.516,7172,124,0,467.70000000001346,0.2038939960476771
2024-06-10 00:00:00,2298.518,2301.42,2293.942,2295.366,17320,124,0,-315.0000000000091,-0.1370449455213696
2024-06-10 04:00:00,2295.325,2297.296,2287.745,2296.512,22536,124,0,114.60000000001855,0.0499266783597907
2024-06-10 08:00:00,2296.56,2305.331,2291.844,2305.081,21782,124,0,856.899999999996,0.37313107878382823
2024-06-10 12:00:00,2305.032,2308.757,2300.394,2307.338,32191,124,0,225.70000000000618,0.09791412969870628
2024-06-10 16:00:00,2307.383,2313.799,2306.967,2308.771,19343,124,0,143.29999999999927,0.06210620203888073
2024-06-10 20:00:00,2308.824,2312.181,2308.514,2309.984,6829,124,0,121.2999999999738,0.05253877495861037
2024-06-11 00:00:00,2309.967,2311.99,2298.814,2303.771,25347,124,0,-621.2999999999738,-0.26896290190753236
2024-06-11 04:00:00,2303.723,2305.472,2297.663,2304.522,18555,124,0,75.0999999999749,0.032598726175470105
2024-06-11 08:00:00,2304.554,2308.897,2301.556,2307.677,20557,124,0,315.50000000002,0.13690474640728478
2024-06-11 12:00:00,2307.644,2319.988,2307.576,2310.164,40568,124,0,248.700000000008,0.10777071487908518
2024-06-11 16:00:00,2310.208,2315.763,2305.825,2315.348,19739,124,0,518.3999999999742,0.2243996530116421
2024-06-11 20:00:00,2315.389,2317.631,2313.891,2315.108,7369,124,0,-23.999999999978172,-0.010365612426288529
2024-06-12 00:00:00,2315.093,2316.772,2310.713,2314.062,17570,124,0,-104.60000000002765,-0.0451814774947934
2024-06-12 04:00:00,2314.068,2317.813,2311.194,2314.516,16016,124,0,45.400000000017826,0.019619180471397435
2024-06-12 08:00:00,2314.556,2315.736,2310.807,2312.885,18176,124,0,-163.0999999999858,-0.07046829661147003
2024-06-12 12:00:00,2312.901,2341.661,2311.594,2335.579,61628,124,0,2269.399999999996,0.981198805820438
2024-06-12 16:00:00,2335.589,2339.582,2315.848,2321.251,50670,124,0,-1432.7999999999975,-0.6134667249534265
2024-06-12 20:00:00,2321.3,2325.388,2320.134,2320.587,8612,124,0,-66.40000000002146,-0.028605265005821057
2024-06-13 00:00:00,2320.606,2322.99,2308.081,2314.285,23624,124,0,-630.2000000000135,-0.2715692193397623
2024-06-13 04:00:00,2314.277,2318.581,2308.976,2317.052,18581,124,0,276.700000000028,0.11956176529686058
2024-06-13 08:00:00,2317.099,2319.999,2303.947,2307.063,20889,124,0,-998.9000000000033,-0.4311081494934088
2024-06-13 12:00:00,2307.111,2326.793,2297.783,2299.03,53859,124,0,-803.2999999999902,-0.3481916185210321
2024-06-13 16:00:00,2298.975,2304.924,2295.501,2303.45,23100,124,0,441.9999999999618,0.1922549944976648
2024-06-13 20:00:00,2303.501,2304.36,2301.757,2302.373,5888,124,0,-107.69999999997708,-0.04675595302696678
2024-06-14 00:00:00,2302.421,2308.643,2301.537,2305.5,17622,124,0,312.69999999999527,0.13581639465021222
2024-06-14 04:00:00,2305.453,2316.773,2303.485,2315.264,20213,124,0,976.4000000000124,0.42350900021688176
2024-06-14 08:00:00,2315.221,2336.597,2314.762,2332.047,27877,124,0,1678.2999999999902,0.7248849375276478
2024-06-14 12:00:00,2332.083,2335.5,2324.041,2326.124,39229,124,0,-592.3000000000229,-0.2539828742731287
2024-06-14 16:00:00,2326.171,2335.604,2325.39,2332.489,19895,124,0,636.5000000000236,0.27363115637859536
2024-06-14 20:00:00,2332.543,2333.102,2330.954,2332.864,2554,125,0,37.5,0.01607724623782225
2024-06-16 20:00:00,2331.125,2331.519,2327.448,2328.912,4393,124,0,-395.20000000002256,-0.16940550327838588
2024-06-17 00:00:00,2328.955,2328.985,2321.518,2324.347,19418,124,0,-456.49999999996,-0.19601427619418965
2024-06-17 04:00:00,2324.344,2326.262,2315.484,2317.031,18284,124,0,-731.6000000000258,-0.31475506884299786
2024-06-17 08:00:00,2317.0,2322.622,2316.445,2318.223,18205,124,0,119.20000000000073,0.05144514682797752
2024-06-17 12:00:00,2318.268,2327.649,2309.991,2312.532,30686,124,0,-569.0999999999804,-0.24548975659373085
2024-06-17 16:00:00,2312.575,2320.602,2312.575,2320.176,17988,124,0,764.3999999999778,0.3305467772986459
2024-06-17 20:00:00,2320.222,2321.264,2318.452,2320.682,5719,124,0,50.59999999998581,0.02180869037520239
2024-06-18 00:00:00,2320.671,2325.658,2319.23,2324.449,16990,124,0,376.700000000028,0.16232297229867854
2024-06-18 04:00:00,2324.446,2324.85,2314.982,2315.563,16475,124,0,-888.5999999999967,-0.38228414561902735
2024-06-18 08:00:00,2315.542,2315.542,2306.539,2313.349,19324,124,0,-221.39999999999418,-0.09561389605896586
2024-06-18 12:00:00,2313.317,2329.796,2311.432,2326.904,42692,124,0,1355.4999999999836,0.5859470404162792
2024-06-18 16:00:00,2326.955,2333.117,2326.475,2329.395,18669,124,0,249.09999999999854,0.107052117319828
2024-06-18 20:00:00,2329.389,2330.587,2327.533,2328.292,5751,124,0,-110.30000000000655,-0.04735135088724807
2024-06-19 00:00:00,2328.309,2331.795,2326.527,2328.307,14274,124,0,1.499999999987267,0.0006442490890323782
2024-06-19 04:00:00,2328.26,2332.725,2326.853,2331.802,14467,124,0,349.50000000003456,0.15010907066810297
2024-06-19 08:00:00,2331.849,2335.001,2325.821,2330.449,16528,124,0,-135.30000000000655,-0.05802379447311656
2024-06-19 12:00:00,2330.421,2332.958,2323.678,2329.811,20251,124,0,-63.799999999991996,-0.027376698653347464
2024-06-19 16:00:00,2329.82,2331.374,2328.907,2330.009,3789,124,0,19.79999999998654,0.008498543444068751
2024-06-19 20:00:00,2329.985,2330.589,2328.667,2329.38,4027,124,0,-62.89999999999054,-0.026995603879642616
2024-06-20 00:00:00,2329.389,2339.018,2327.777,2333.934,18374,124,0,455.40000000000873,0.1955026659454573
2024-06-20 04:00:00,2333.936,2345.72,2333.757,2338.614,20452,124,0,467.99999999998363,0.20051980904343125
2024-06-20 08:00:00,2338.565,2341.414,2331.602,2339.281,19076,124,0,66.69999999999163,0.02852116681075767
2024-06-20 12:00:00,2339.337,2365.537,2335.267,2353.776,43190,124,0,1449.499999999989,0.619634836515992
2024-06-20 16:00:00,2353.751,2361.037,2352.837,2358.85,18735,124,0,507.4000000000069,0.21556851629043194
2024-06-20 20:00:00,2358.894,2361.168,2358.191,2360.785,7717,124,0,193.49999999999454,0.0820314983996484
2024-06-21 00:00:00,2360.801,2364.908,2357.106,2362.175,17663,124,0,139.00000000003274,0.05887872042562581
2024-06-21 04:00:00,2362.209,2365.64,2355.125,2362.944,18448,124,0,76.89999999997781,0.032554742980517304
2024-06-21 08:00:00,2362.977,2368.78,2361.305,2366.255,19503,124,0,331.1000000000149,0.14012181414371216
2024-06-21 12:00:00,2366.314,2368.114,2323.284,2327.93,52412,124,0,-3832.5000000000273,-1.619647924674228
2024-06-21 16:00:00,2327.983,2329.39,2316.692,2322.092,24580,124,0,-583.7999999999738,-0.2507807365341619
2024-06-21 20:00:00,2322.144,2322.691,2320.798,2321.54,2875,125,0,-55.20000000001346,-0.02377166796148078
2024-06-23 20:00:00,2321.147,2322.231,2317.721,2319.222,5097,124,0,-231.79999999997563,-0.09984751501157518
2024-06-24 00:00:00,2319.208,2326.68,2317.904,2325.432,19713,124,0,620.9999999999582,0.2677622064640506
2024-06-24 04:00:00,2325.443,2331.83,2321.347,2330.745,17234,124,0,531.3000000000102,0.22847367714902145
2024-06-24 08:00:00,2330.762,2332.805,2320.805,2326.232,20872,124,0,-451.299999999992,-0.19362907568181154
2024-06-24 12:00:00,2326.286,2333.88,2323.322,2327.663,29153,124,0,143.100000000004,0.06151579034250343
2024-06-24 16:00:00,2327.618,2334.673,2326.858,2331.719,16955,124,0,405.600000000004,0.17425202875158696
2024-06-24 20:00:00,2331.678,2334.426,2330.26,2330.914,5944,124,0,-80.49999999998363,-0.03452388559683772
2024-06-25 00:00:00,2330.907,2330.96,2323.165,2324.183,17606,124,0,-673.1000000000222,-0.2887708426823177
2024-06-25 04:00:00,2324.226,2330.111,2322.731,2324.826,17774,124,0,64.30000000000291,0.02766563562335289
2024-06-25 08:00:00,2324.782,2337.123,2322.851,2330.158,21022,124,0,533.199999999988,0.22935049762864423
2024-06-25 12:00:00,2330.145,2330.487,2315.603,2324.724,35157,124,0,-543.3999999999742,-0.2332030703497301
2024-06-25 16:00:00,2324.784,2325.022,2315.473,2319.813,16957,124,0,-491.1000000000058,-0.21125088397591085
2024-06-25 20:00:00,2319.763,2321.465,2317.93,2320.065,7602,124,0,25.19999999999527,0.010862944556300214
2024-06-26 00:00:00,2320.015,2323.934,2310.602,2317.284,23417,124,0,-278.0999999999949,-0.11986733130321392
2024-06-26 04:00:00,2317.327,2318.162,2309.713,2316.112,19081,124,0,-117.20000000000255,-0.050576450706951714
2024-06-26 08:00:00,2316.082,2318.466,2304.394,2313.044,22460,124,0,-306.8000000000211,-0.1324633696470734
2024-06-26 12:00:00,2313.027,2317.868,2293.561,2299.981,39487,124,0,-1306.2999999999647,-0.5647536320104396
2024-06-26 16:00:00,2299.956,2303.032,2296.91,2298.666,18431,124,0,-131.50000000000546,-0.05717438535361996
2024-06-26 20:00:00,2298.724,2299.245,2296.804,2298.438,6697,124,0,-22.80000000000655,-0.009918796380159467
2024-06-27 00:00:00,2298.449,2300.137,2296.803,2298.97,15242,124,0,53.199999999969805,0.02314615404024334
2024-06-27 04:00:00,2298.973,2303.42,2296.467,2302.297,16413,124,0,332.70000000002256,0.14471698195279714
2024-06-27 08:00:00,2302.251,2317.929,2302.005,2317.053,20511,124,0,1475.5999999999858,0.6409251282523343
2024-06-27 12:00:00,2317.012,2330.973,2316.09,2327.474,39494,124,0,1042.1000000000276,0.4497523362650968
2024-06-27 16:00:00,2327.438,2328.342,2322.413,2325.988,18619,124,0,-148.6000000000331,-0.06384604081507428
2024-06-27 20:00:00,2325.954,2328.57,2325.418,2327.758,5967,124,0,176.99999999999818,0.07609669525379115
2024-06-28 00:00:00,2327.701,2328.294,2319.026,2321.749,19254,124,0,-600.9000000000015,-0.2581453914023757
2024-06-28 04:00:00,2321.824,2328.888,2319.749,2327.183,16142,124,0,543.4000000000196,0.23404769421673244
2024-06-28 08:00:00,2327.187,2337.187,2326.485,2333.979,19149,124,0,679.5999999999822,0.29202688400524757
2024-06-28 12:00:00,2333.945,2339.847,2322.849,2328.631,39167,124,0,-534.7999999999956,-0.22913659463088543
2024-06-28 16:00:00,2328.678,2332.75,2322.964,2325.041,18662,124,0,-358.9999999999691,-0.15416783509279997
2024-06-28 20:00:00,2325.01,2326.852,2322.907,2326.675,3405,124,0,163.40000000000146,0.07027833057566824
2024-06-30 20:00:00,2322.887,2326.195,2322.875,2324.97,4756,124,0,-170.5000000000382,-0.07328053982615934
2024-07-01 00:00:00,2324.989,2328.536,2322.138,2324.783,16525,124,0,-18.699999999989814,-0.008043114534805884
